product_id,cluster_id,segment,is_anomaly
6806425403594,2,budget,0
6806550282442,2,budget,0
6806524854474,0,premium,0
6806305013962,1,mid_range,0
6806553755850,0,premium,0
6806537208010,1,mid_range,0
6806228238538,2,budget,0
6806549070026,0,premium,0
6806555001034,0,premium,0
6806472523978,0,premium,0
6806630891722,0,premium,0
6806786015434,2,budget,0
6806431367370,2,budget,0
6806331719882,2,budget,0
6806407282890,0,premium,0
6806534619338,2,budget,0
6806268805322,0,premium,0
6806561128650,2,budget,0
6806544449738,2,budget,0
6806482125002,2,budget,0
6806427599050,2,budget,0
6806516629706,2,budget,0
6806401122506,2,budget,0
6806348890314,2,budget,0
6806284959946,0,premium,0
6806397419722,0,premium,0
6806302884042,1,mid_range,0
6806353051850,2,budget,0
6806398173386,0,premium,0
6805506261194,0,premium,0
6806174269642,0,premium,0
6806424879306,2,budget,0
6806563225802,2,budget,0
6806529048778,2,budget,0
6806205333706,0,premium,0
6806376448202,2,budget,0
6806779527370,2,budget,0
6806468165834,2,budget,0
6806488481994,2,budget,0
6806501130442,0,premium,0
6805669314762,2,budget,0
6806271393994,0,premium,0
6806535930058,2,budget,0
6806468395210,2,budget,0
6806349152458,2,budget,0
6806420914378,2,budget,0
6806505291978,2,budget,0
6806639149258,0,premium,0
6806413770954,2,budget,0
6806463512778,0,premium,0
6806531604682,2,budget,0
6806356984010,2,budget,0
6806398402762,0,premium,0
6806522659018,2,budget,0
6806175416522,0,premium,0
6806311534794,1,mid_range,0
6806409052362,0,premium,0
6806311469258,1,mid_range,0
6806042509514,2,budget,0
6806250586314,0,premium,0
6806474326218,1,mid_range,0
6806535504074,2,budget,0
6806479536330,2,budget,0
6806314057930,2,budget,0
6806469181642,2,budget,0
6806382805194,2,budget,0
6806559523018,2,budget,0
6806251077834,0,premium,0
6806237544650,0,premium,0
6806531506378,2,budget,0
6806329491658,2,budget,0
6806376939722,2,budget,0
6806566699210,0,premium,0
6806394568906,2,budget,0
6806484123850,2,budget,0
6806280962250,0,premium,0
6806467805386,2,budget,0
6806308815050,1,mid_range,0
6806417539274,2,budget,0
6806513844426,2,budget,0
6806512795850,0,premium,0
6806311829706,1,mid_range,0
4639909019726,0,premium,0
6806538322122,0,premium,0
6806375039178,2,budget,0
6806185836746,0,premium,0
6806467084490,2,budget,0
6806581051594,0,premium,0
6806646653130,1,mid_range,0
6806684860618,2,budget,0
6805310079178,2,budget,0
6806298820810,2,budget,0
6806366355658,2,budget,0
6806264185034,0,premium,0
6806773727434,2,budget,0
6805121106122,0,premium,0
6806346367178,2,budget,0
6806776512714,2,budget,0
6806700392650,2,budget,0
6806295904458,2,budget,0
6806439428298,0,premium,0
6806427074762,2,budget,0
6806536093898,2,budget,0
6806559916234,2,budget,0
6806261694666,0,premium,0
6806564372682,0,premium,0
6806532325578,2,budget,0
6806330769610,2,budget,0
6806427828426,2,budget,0
6806671524042,0,premium,0
6806482649290,2,budget,0
6806218473674,0,premium,0
6806203367626,0,premium,0
6806418260170,2,budget,0
6806242197706,2,budget,0
6806087303370,0,premium,0
6806364160202,2,budget,0
6806374645962,2,budget,0
6806417637578,2,budget,0
6806406758602,0,premium,0
6806396764362,0,premium,0
6806533865674,2,budget,0
6806362816714,2,budget,0
6806789193930,2,budget,0
6806516924618,0,premium,0
6806557982922,1,mid_range,0
6806307832010,2,budget,0
6806279389386,0,premium,0
6806410395850,0,premium,0
6806665167050,0,premium,0
6806572826826,0,premium,0
6806680273098,2,budget,0
6806353150154,2,budget,0
6806321496266,2,budget,0
6806779953354,2,budget,0
4857431326922,2,budget,0
6806350921930,2,budget,0
6806414786762,2,budget,0
4581804539982,0,premium,0
6806467739850,0,premium,0
6806320971978,0,premium,0
6806679060682,0,premium,0
6806516433098,2,budget,0
6806785720522,2,budget,0
6806316646602,1,mid_range,0
6806237675722,0,premium,0
6806353281226,2,budget,0
6806545367242,2,budget,0
6806381101258,2,budget,0
6806542483658,2,budget,0
6806475571402,2,budget,0
6806548283594,0,premium,0
6806190391498,0,premium,0
6806636593354,0,premium,0
6806411870410,0,premium,0
6806507946186,0,premium,0
6806789095626,2,budget,0
6806397157578,0,premium,0
6806778216650,2,budget,0
6806476783818,2,budget,0
6806400565450,2,budget,0
6806356459722,2,budget,0
6806605299914,1,mid_range,0
6805979005130,0,premium,0
6806399811786,2,budget,0
6806361899210,2,budget,0
6806428713162,0,premium,0
6806530064586,2,budget,0
6806536192202,2,budget,0
6806262513866,0,premium,0
6806189834442,0,premium,0
6806398042314,0,premium,0
6806514794698,2,budget,0
6806531244234,2,budget,0
6806683353290,2,budget,0
6806786244810,2,budget,0
6806249406666,2,budget,0
6805536800970,2,budget,0
6535198441674,0,premium,0
6806393651402,0,premium,0
6805626781898,2,budget,0
6806788276426,2,budget,0
6806299246794,2,budget,0
6806484615370,2,budget,0
6806513975498,2,budget,0
6806419800266,2,budget,0
6806652780746,0,premium,0
6806540943562,0,premium,0
6806355247306,2,budget,0
6806564864202,0,premium,0
6806562504906,0,premium,0
6806201401546,0,premium,0
6806264250570,0,premium,0
6806573613258,0,premium,0
6806561587402,0,premium,0
6806425075914,2,budget,0
6806495428810,2,budget,0
6806308356298,1,mid_range,0
6806539600074,0,premium,0
6806471540938,2,budget,0
6806234005706,2,budget,0
6806777954506,2,budget,0
6806519283914,2,budget,0
6806301147338,2,budget,0
6806324543690,2,budget,0
6806402269386,0,premium,0
6805964161226,0,premium,0
6806510108874,2,budget,0
6806337552586,0,premium,0
6806364684490,2,budget,0
6806520856778,2,budget,0
6806771892426,2,budget,0
6806256058570,0,premium,0
6806471934154,2,budget,0
6806429827274,2,budget,0
6806416687306,2,budget,0
6806219129034,0,premium,0
6806303834314,1,mid_range,0
6806414295242,2,budget,0
6806236397770,2,budget,0
6806535635146,2,budget,0
6806394831050,2,budget,0
6806369566922,2,budget,0
6806528917706,2,budget,0
6806519152842,2,budget,0
6806261334218,0,premium,0
6806236823754,0,premium,0
6806374809802,2,budget,0
6806522757322,0,premium,0
6806088286410,0,premium,0
6806374056138,2,budget,0
6806413181130,0,premium,0
6806340174026,2,budget,0
6806774153418,2,budget,0
6806221226186,2,budget,0
6806554575050,2,budget,0
6806411968714,0,premium,0
6806551068874,1,mid_range,0
6806333882570,2,budget,0
6806532849866,2,budget,0
6806352625866,2,budget,0
6806296428746,2,budget,0
6806565421258,0,premium,0
6806426452170,2,budget,0
6806226796746,2,budget,0
6806564503754,2,budget,0
6806358065354,2,budget,0
6806521872586,2,budget,0
6806413934794,2,budget,0
6806191636682,0,premium,0
6806776938698,2,budget,0
6806227615946,2,budget,0
6806372876490,2,budget,0
6806538944714,2,budget,0
6806677258442,0,premium,0
6806326804682,2,budget,0
6806357737674,2,budget,0
6806544318666,2,budget,0
6806569779402,2,budget,0
6806502113482,2,budget,0
6806526394570,2,budget,0
6806773792970,2,budget,0
6806248423626,2,budget,0
6806395551946,2,budget,0
6806289907914,2,budget,0
6806341877962,0,premium,0
6806261366986,0,premium,0
6806323003594,2,budget,0
6806261006538,0,premium,0
6806489137354,2,budget,0
6806378840266,2,budget,0
6806547136714,0,premium,0
6806512173258,2,budget,0
6806788899018,2,budget,0
6806667428042,0,premium,0
6806405578954,2,budget,0
6806300688586,2,budget,0
6806180692170,0,premium,0
6806211035338,0,premium,0
6806501228746,2,budget,0
6806214213834,0,premium,0
6806778052810,2,budget,0
6806366814410,2,budget,0
6806563946698,0,premium,0
6806417506506,2,budget,0
6806265233610,0,premium,0
6806220701898,2,budget,0
6806516826314,2,budget,0
6806543433930,2,budget,0
6806669689034,2,budget,0
6806394634442,2,budget,0
6806359212234,2,budget,0
6806244622538,2,budget,0
6806773563594,2,budget,0
6806305865930,1,mid_range,0
6806258581706,0,premium,0
6806563127498,2,budget,0
6806571057354,2,budget,0
6806381625546,2,budget,0
6806525477066,0,premium,0
4857434505418,0,premium,0
6806536061130,2,budget,0
6806379888842,2,budget,0
6806310813898,1,mid_range,0
6806201532618,0,premium,0
6806265069770,0,premium,0
6806537797834,2,budget,0
6806337126602,0,premium,0
6806776119498,2,budget,0
6806380118218,2,budget,0
6806492315850,2,budget,0
6806426353866,2,budget,0
6806568599754,2,budget,0
6806558441674,1,mid_range,0
4553933946958,0,premium,0
6806526165194,2,budget,0
6806505160906,0,premium,0
6806666084554,2,budget,0
6806635675850,0,premium,0
6806227353802,2,budget,0
6806772547786,2,budget,0
6806258024650,0,premium,0
6806246850762,2,budget,0
6806197207242,0,premium,0
6806279323850,0,premium,0
6806226403530,2,budget,0
6806287319242,2,budget,0
6806367076554,2,budget,0
6806787883210,2,budget,0
6806279225546,0,premium,0
6806273032394,0,premium,0
6806300491978,2,budget,0
6806531965130,2,budget,0
6806430351562,0,premium,0
6806402662602,0,premium,0
6806412296394,0,premium,0
6806553297098,0,premium,0
6806465052874,0,premium,0
6806568665290,2,budget,0
6806479470794,2,budget,0
6806189605066,0,premium,0
6806604972234,2,budget,0
6806330343626,2,budget,0
6806207529162,0,premium,0
6806219260106,0,premium,0
6806689448138,0,premium,0
6806257041610,0,premium,0
6806567125194,2,budget,0
6806511124682,0,premium,0
6806254813386,0,premium,0
6806410625226,0,premium,0
6806481109194,2,budget,0
6806551789770,0,premium,0
6806339289290,2,budget,0
6806303113418,1,mid_range,0
6806244851914,2,budget,0
6806223225034,2,budget,0
6806562963658,2,budget,0
6806560932042,0,premium,0
6806547857610,2,budget,0
6806319005898,1,mid_range,0
6806504112330,0,premium,0
6806395650250,2,budget,0
6805443674314,0,premium,0
6806189441226,0,premium,0
6806410690762,0,premium,0
6806225518794,0,premium,0
6806491562186,2,budget,0
6806523445450,0,premium,0
6806463611082,0,premium,0
6806365372618,2,budget,0
6806566338762,2,budget,0
6806523052234,0,premium,0
6806241509578,2,budget,0
6806552707274,2,budget,0
6806362226890,2,budget,0
6806564012234,0,premium,0
6806512369866,2,budget,0
6806380839114,2,budget,0
6806509781194,2,budget,0
6806548185290,0,premium,0
6806204907722,0,premium,0
6806675980490,0,premium,0
6806351478986,2,budget,0
6806544941258,2,budget,0
6806573908170,0,premium,0
4857434570954,0,premium,0
6806508437706,0,premium,0
6806202843338,0,premium,0
6806548938954,0,premium,0
6806779101386,2,budget,0
6805874278602,2,budget,0
6806554738890,2,budget,0
6806637674698,2,budget,0
6806561358026,2,budget,0
6806370812106,2,budget,0
6806560964810,0,premium,0
6806508929226,2,budget,0
6806538617034,0,premium,0
6806534226122,2,budget,0
6806787588298,2,budget,0
6806397780170,0,premium,0
6806414098634,2,budget,0
6806496018634,2,budget,0
6806366224586,2,budget,0
6806215360714,0,premium,0
6806364586186,2,budget,0
6806363930826,2,budget,0
6806468526282,2,budget,0
6806558703818,0,premium,0
6806658121930,2,budget,0
6806365569226,2,budget,0
4836095787086,0,premium,0
6806261629130,0,premium,0
6806220505290,2,budget,0
6806351577290,2,budget,0
6806426878154,2,budget,0
6806533963978,2,budget,0
6806568173770,0,premium,0
6806341583050,0,premium,0
6806572269770,0,premium,0
6806217457866,0,premium,0
6806318612682,1,mid_range,0
6806507880650,0,premium,0
6806264512714,0,premium,0
6806336766154,0,premium,0
6806515089610,0,premium,0
6806471377098,2,budget,0
6806554345674,2,budget,0
6806291153098,0,premium,0
6806542155978,2,budget,0
6806547628234,0,premium,0
6806535078090,2,budget,0
6806298689738,2,budget,0
6806428975306,0,premium,0
6806313173194,1,mid_range,0
6806207987914,0,premium,0
6806557294794,0,premium,0
6806551331018,0,premium,0
6806366978250,2,budget,0
6806543761610,0,premium,0
6806543139018,0,premium,0
6806191112394,0,premium,0
6806525673674,0,premium,0
6806507749578,1,mid_range,0
6805418377418,2,budget,0
6806417998026,2,budget,0
6806777528522,2,budget,0
6806358917322,2,budget,0
6806245277898,2,budget,0
6805893284042,0,premium,0
6806175187146,0,premium,0
6806695510218,0,premium,0
6806376710346,2,budget,0
6806237348042,0,premium,0
6806329852106,2,budget,0
6806548578506,2,budget,0
6806277456074,2,budget,0
6806284173514,0,premium,0
6806350561482,2,budget,0
6806554181834,0,premium,0
6806423306442,0,premium,0
6806538846410,2,budget,0
6806409347274,0,premium,0
6806520037578,2,budget,0
6806486319306,0,premium,0
6806553821386,2,budget,0
6806774841546,2,budget,0
6806380675274,2,budget,0
6806413476042,2,budget,0
6806572105930,2,budget,0
6806298099914,2,budget,0
6806224502986,0,premium,0
6806517514442,2,budget,0
6806374318282,2,budget,0
6806362882250,2,budget,0
6806510665930,0,premium,0
6806544810186,0,premium,0
6806542844106,2,budget,0
6806281388234,2,budget,0
6806193307850,0,premium,0
6806480388298,2,budget,0
6806340796618,2,budget,0
6806683386058,2,budget,0
6806506602698,1,mid_range,0
6806404006090,2,budget,0
6806211625162,0,premium,0
6806263824586,0,premium,0
6805281538250,2,budget,0
6806771499210,2,budget,0
6806472229066,0,premium,0
6806570631370,2,budget,0
6806056730826,2,budget,0
6806379725002,2,budget,0
6806642589898,0,premium,0
6806378447050,0,premium,0
6806474227914,2,budget,0
6806371041482,2,budget,0
6806465741002,2,budget,0
6806552936650,2,budget,0
6806479208650,2,budget,0
6806642819274,0,premium,0
6806309830858,2,budget,0
6806497788106,2,budget,0
6806399353034,2,budget,0
6806210314442,0,premium,0
6806310027466,2,budget,0
6806428778698,0,premium,0
6805363654858,0,premium,0
6806349217994,2,budget,0
6806657728714,0,premium,0
6806412460234,0,premium,0
6806402760906,0,premium,0
6806569189578,0,premium,0
6806238920906,2,budget,0
6806653960394,2,budget,0
6806502375626,2,budget,0
6806174007498,0,premium,0
6806428844234,0,premium,0
6806393880778,0,premium,0
6806569844938,2,budget,0
6805253980362,0,premium,0
6806369829066,2,budget,0
6806542287050,0,premium,0
6806510043338,0,premium,0
6806223519946,2,budget,0
6806266904778,0,premium,0
6806509093066,0,premium,0
6806404530378,2,budget,0
6806240067786,2,budget,0
6806519939274,2,budget,0
6806415802570,2,budget,0
6806552281290,0,premium,0
6806224306378,2,budget,0
6806508175562,0,premium,0
6806469116106,2,budget,0
6806427959498,2,budget,0
6806414622922,2,budget,0
6806786506954,2,budget,0
6806294954186,2,budget,0
6806297379018,2,budget,0
6535181992138,0,premium,0
6806220439754,2,budget,0
6806379593930,2,budget,0
6806547923146,0,premium,0
6806497886410,2,budget,0
6806350659786,2,budget,0
6806406496458,2,budget,0
6805774401738,2,budget,0
6806227058890,2,budget,0
6806776742090,2,budget,0
6806074163402,0,premium,0
6806366552266,2,budget,0
6806418587850,2,budget,0
6806560768202,0,premium,0
6806286532810,2,budget,0
6806513156298,2,budget,0
6806378152138,0,premium,0
6806352429258,2,budget,0
6806497034442,2,budget,0
6806774939850,2,budget,0
6806320414922,2,budget,0
6806260121802,2,budget,0
6806337388746,0,premium,0
6806470361290,2,budget,0
6806211723466,0,premium,0
6806479601866,0,premium,0
6806412984522,0,premium,0
6806214115530,0,premium,0
6806476488906,0,premium,0
6806432317642,0,premium,0
6806605529290,2,budget,0
6806279946442,0,premium,0
6806506701002,2,budget,0
6806356361418,2,budget,0
6806573220042,2,budget,0
6806786769098,2,budget,0
6806423929034,2,budget,0
6806480027850,2,budget,0
6806560506058,2,budget,0
6806653993162,2,budget,0
6806255108298,2,budget,0
6806408560842,0,premium,0
6806293741770,0,premium,0
6806315761866,1,mid_range,0
6806394765514,2,budget,0
6806634102986,2,budget,0
6806396076234,2,budget,0
6806521118922,0,premium,0
6806337454282,0,premium,0
6806773039306,2,budget,0
6806358622410,2,budget,0
6806362554570,2,budget,0
6806208544970,0,premium,0
6806634561738,0,premium,0
6806475768010,2,budget,0
6806334439626,2,budget,0
6806406955210,0,premium,0
6806418981066,2,budget,0
6535194116298,2,budget,0
6806501818570,0,premium,0
6806267855050,0,premium,0
6805465432266,2,budget,0
6806547366090,0,premium,0
6806478586058,2,budget,0
6806529114314,2,budget,0
6806257139914,0,premium,0
6806775333066,2,budget,0
6806531014858,2,budget,0
6806515155146,2,budget,0
6806551822538,0,premium,0
6806636888266,0,premium,0
6806495887562,2,budget,0
4836092117070,0,premium,0
6806651830474,2,budget,0
6806528524490,2,budget,0
6806538748106,0,premium,0
6806640001226,2,budget,0
6806430777546,0,premium,0
6806326280394,2,budget,0
6806657237194,0,premium,0
6806210347210,0,premium,0
6806685778122,0,premium,0
6806498181322,2,budget,0
6806541467850,2,budget,0
6806463742154,0,premium,0
6806361800906,0,premium,0
6806409248970,0,premium,0
6806690857162,0,premium,0
6806262284490,0,premium,0
6806465315018,2,budget,0
6806470557898,2,budget,0
6806667329738,2,budget,0
6806544875722,0,premium,0
6806565224650,0,premium,0
6806411182282,2,budget,0
6806427730122,2,budget,0
6806265757898,0,premium,0
6806561194186,0,premium,0
6806262972618,0,premium,0
6806486089930,2,budget,0
6806534029514,2,budget,0
6806513746122,0,premium,0
6806538420426,0,premium,0
6806570926282,0,premium,0
6806306226378,1,mid_range,0
6806526066890,2,budget,0
6806396207306,2,budget,0
6805121171658,0,premium,0
6806546448586,0,premium,0
6806357442762,2,budget,0
6806553493706,0,premium,0
6806703931594,2,budget,0
6806406234314,2,budget,0
6806214934730,0,premium,0
6806363570378,2,budget,0
6806498967754,0,premium,0
6806506799306,2,budget,0
6805893710026,0,premium,0
6806486450378,2,budget,0
6806491365578,0,premium,0
6806248292554,2,budget,0
6806317301962,1,mid_range,0
6806787719370,2,budget,0
6806408626378,0,premium,0
6806568108234,0,premium,0
6806252486858,0,premium,0
6806653272266,2,budget,0
6806228074698,2,budget,0
6806375792842,1,mid_range,0
4857437061322,2,budget,0
6806510469322,2,budget,0
6806508273866,1,mid_range,0
6806241902794,2,budget,0
6806502441162,1,mid_range,0
6806497657034,2,budget,0
6806533243082,2,budget,0
6806475473098,2,budget,0
6806339059914,2,budget,0
6806321103050,0,premium,0
6806397485258,0,premium,0
6806511812810,2,budget,0
6806514335946,0,premium,0
6806572728522,0,premium,0
6806568239306,2,budget,0
6806374482122,2,budget,0
6806272639178,0,premium,0
6806504538314,0,premium,0
6806487105738,2,budget,0
6806786900170,2,budget,0
6806499459274,0,premium,0
6806496837834,2,budget,0
6806516269258,0,premium,0
6806264414410,0,premium,0
6806109290698,0,premium,0
6806525968586,0,premium,0
4815570370638,0,premium,0
6806491627722,2,budget,0
6806351741130,2,budget,0
6806292857034,0,premium,0
6806405808330,2,budget,0
6806522462410,2,budget,0
6535180746954,0,premium,0
6806318121162,1,mid_range,0
6806680076490,2,budget,0
6806510797002,2,budget,0
6806493233354,2,budget,0
6806470033610,2,budget,0
6806223192266,2,budget,0
6806774022346,2,budget,0
6806565093578,0,premium,0
4857436602570,2,budget,0
6806481240266,2,budget,0
6806412099786,0,premium,0
6806369042634,2,budget,0
6806521348298,0,premium,0
6806411247818,2,budget,0
6806325493962,2,budget,0
6806369468618,2,budget,0
6806492152010,2,budget,0
6806304260298,1,mid_range,0
6806416851146,2,budget,0
6806787260618,2,budget,0
6806630629578,0,premium,0
6806551167178,1,mid_range,0
6806203007178,0,premium,0
6806252388554,0,premium,0
6806777037002,2,budget,0
6806524821706,0,premium,0
6806396109002,2,budget,0
6805690187978,2,budget,0
6806478061770,2,budget,0
6806528164042,2,budget,0
6806215786698,0,premium,0
6806230073546,2,budget,0
6806410854602,2,budget,0
6806537339082,2,budget,0
6806568501450,2,budget,0
6806565847242,2,budget,0
6806476259530,2,budget,0
6806704160970,2,budget,0
6806397616330,0,premium,0
6806556967114,0,premium,0
6806505193674,0,premium,0
6806638624970,2,budget,0
6806332375242,2,budget,0
6806288105674,2,budget,0
6806569287882,0,premium,0
6806396600522,2,budget,0
6806506864842,2,budget,0
6806778314954,2,budget,0
6805120712906,0,premium,0
6806211592394,0,premium,0
6806411116746,2,budget,0
6806304489674,1,mid_range,0
6806308094154,1,mid_range,0
6806311338186,1,mid_range,0
6806498050250,2,budget,0
6806175482058,0,premium,0
6806288531658,2,budget,0
6806316449994,2,budget,0
6806374383818,2,budget,0
6806468296906,2,budget,0
6806274867402,0,premium,0
6806293676234,0,premium,0
6806413213898,0,premium,0
6806469542090,0,premium,0
6806312222922,1,mid_range,0
6806549332170,0,premium,0
6806512664778,0,premium,0
6806200811722,0,premium,0
6804952285386,1,mid_range,0
6806423863498,2,budget,0
6806354755786,2,budget,0
6806785917130,2,budget,0
6806203662538,0,premium,0
6806516596938,2,budget,0
6806278766794,0,premium,0
6806543466698,2,budget,0
6806568403146,2,budget,0
6806235218122,2,budget,0
6806251700426,0,premium,0
6806375596234,2,budget,0
6806469902538,0,premium,0
6806507028682,2,budget,0
6806417342666,2,budget,0
6806376382666,2,budget,0
6806664151242,2,budget,0
6806504702154,2,budget,0
6806508601546,2,budget,0
6806670016714,0,premium,0
6806293283018,0,premium,0
6806780149962,2,budget,0
6806566797514,2,budget,0
6806212477130,0,premium,0
6806315040970,1,mid_range,0
6806703997130,0,premium,0
6806633808074,0,premium,0
6806553166026,2,budget,0
6805004845258,0,premium,0
15360494436739,2,budget,0
15599494201731,2,budget,0
15506853822851,2,budget,0
15544582177155,2,budget,0
15599492301187,2,budget,0
15819075453315,2,budget,0
15599494005123,2,budget,0
15217110352259,2,budget,0
15457871790467,2,budget,0
15360495649155,2,budget,0
15544576082307,2,budget,0
15527215071619,2,budget,0
8476550594898,2,budget,0
15360495026563,2,budget,0
15303350190467,2,budget,0
15819072012675,2,budget,0
15056169271683,2,budget,0
15819076010371,2,budget,0
15319053664643,2,budget,0
15367706706307,2,budget,0
15217122476419,2,budget,0
15028956135811,2,budget,0
15427616473475,2,budget,0
15379489948035,2,budget,0
15819077452163,2,budget,0
15527215694211,2,budget,0
15506860671363,2,budget,0
15819076174211,2,budget,0
15506850316675,2,budget,0
15506852938115,2,budget,0
15544575033731,2,budget,0
8743773798738,2,budget,0
9329373512018,2,budget,0
15448246485379,2,budget,0
15409487970691,2,budget,0
15396629610883,2,budget,0
15819082137987,2,budget,0
15599491350915,2,budget,0
15862620094851,2,budget,0
15646981194115,2,budget,0
15335345586563,2,budget,0
15544576672131,2,budget,0
15396628496771,2,budget,0
15427619488131,2,budget,0
15352472600963,2,budget,0
15575445668227,2,budget,0
15544579424643,2,budget,0
15599489089923,2,budget,0
15457874346371,2,budget,0
15389728047491,2,budget,0
15379490177411,2,budget,0
15379492536707,2,budget,0
15544577491331,2,budget,0
15544580342147,2,budget,0
15352473682307,2,budget,0
15886035616131,2,budget,0
15346118132099,2,budget,0
15360498925955,2,budget,0
15171097198979,2,budget,0
9755297743186,2,budget,0
15352471912835,2,budget,0
15575440556419,2,budget,0
15819074634115,2,budget,0
15319059005827,2,budget,0
15217111728515,2,budget,0
15396630364547,2,budget,0
15409487479171,2,budget,0
15396628005251,2,budget,0
15578841579907,2,budget,0
15389726572931,2,budget,0
15506851529091,2,budget,0
15427618013571,2,budget,0
15448250581379,2,budget,0
15819076403587,2,budget,0
9691757379922,2,budget,0
15599488729475,2,budget,0
9572819009874,2,budget,0
9691758362962,2,budget,0
8793744048466,2,budget,0
15383821484419,2,budget,0
15819076305283,2,budget,0
15575438983555,2,budget,0
15352471519619,2,budget,0
15183728214403,2,budget,0
15335345881475,2,budget,0
8793742606674,2,budget,0
15319057301891,2,budget,0
8804860690770,2,budget,0
15599487254915,2,budget,0
15728071672195,2,budget,0
8355622027602,2,budget,0
15252866204035,2,budget,0
9755305771346,2,budget,0
15819077747075,2,budget,0
15819075355011,2,budget,0
15646991450499,2,budget,0
15819077321091,2,budget,0
15575446913411,2,budget,0
15352474993027,2,budget,0
15599494037891,2,budget,0
15303351435651,2,budget,0
9677962871122,2,budget,0
15819081023875,2,budget,0
15819075649923,2,budget,0
8490580836690,2,budget,0
15352474239363,2,budget,0
8976057499986,2,budget,0
15506852577667,2,budget,0
9755301544274,2,budget,0
15448245862787,2,budget,0
15599491285379,2,budget,0
15389727818115,2,budget,0
15448249663875,2,budget,0
15319051567491,2,budget,0
9755296694610,2,budget,0
15307280646531,2,budget,0
15575439376771,2,budget,0
15319058940291,2,budget,0
15396630036867,2,budget,0
15427618275715,2,budget,0
15427616801155,2,budget,0
15360494567811,2,budget,0
9313449935186,2,budget,0
15352474468739,2,budget,0
15335346340227,2,budget,0
15599489614211,2,budget,0
15646994366851,2,budget,0
15217109565827,2,budget,0
15646997971331,2,budget,0
15409487085955,2,budget,0
15457873297795,2,budget,0
15396628824451,2,budget,0
8355621208402,2,budget,0
15427617358211,2,budget,0
15544578539907,2,budget,0
15183727427971,2,budget,0
15352470143363,2,budget,0
15575439180163,2,budget,0
15389727097219,2,budget,0
15647002657155,2,budget,0
15457872871811,2,budget,0
15427620176259,2,budget,0
15544584438147,2,budget,0
15457874018691,2,budget,0
15575446651267,2,budget,0
9755304362322,2,budget,0
15599487156611,2,budget,0
15728071475587,2,budget,0
15457873822083,2,budget,0
15427617456515,2,budget,0
15217114481027,2,budget,0
15427617554819,2,budget,0
15319051403651,2,budget,0
8573335896402,2,budget,0
15765862449539,2,budget,0
15544573952387,2,budget,0
15575439999363,2,budget,0
15578841973123,2,budget,0
15544576377219,2,budget,0
15646991614339,2,budget,0
15396627087747,2,budget,0
8490572087634,2,budget,0
15544583979395,2,budget,0
15171094970755,2,budget,0
8976076865874,2,budget,0
15360494305667,2,budget,0
15367706804611,2,budget,0
15427617030531,2,budget,0
15527216185731,2,budget,0
15217115365763,2,budget,0
15383821451651,2,budget,0
15396628169091,2,budget,0
15765864448387,2,budget,0
15506852446595,2,budget,0
15427616178563,2,budget,0
15252883341699,2,budget,0
15765863039363,2,budget,0
15448250089859,2,budget,0
15599493611907,2,budget,0
15575444750723,2,budget,0
15278340243843,2,budget,0
15319057465731,2,budget,0
15352472502659,2,budget,0
15544578441603,2,budget,0
15819073847683,2,budget,0
15379489259907,2,budget,0
15379489685891,2,budget,0
15379489522051,2,budget,0
15862620750211,2,budget,0
15599491088771,2,budget,0
15819075125635,2,budget,0
15575440425347,2,budget,0
15028955447683,2,budget,0
15623868547459,2,budget,0
15319055892867,2,budget,0
15427620569475,2,budget,0
15575446552963,2,budget,0
15544584503683,2,budget,0
15409488593283,2,budget,0
15544578113923,2,budget,0
15599490990467,2,budget,0
15028948992387,2,budget,0
15383821517187,2,budget,0
14997460124035,2,budget,0
15457873592707,2,budget,0
15646996660611,2,budget,0
15427618079107,2,budget,0
15646998430083,2,budget,0
15335324189059,2,budget,0
15319049863555,2,budget,0
15506851824003,2,budget,0
15599493710211,2,budget,0
15578841710979,2,budget,0
15819076043139,2,budget,0
15544583422339,2,budget,0
15217110811011,2,budget,0
15728071999875,2,budget,0
15819074535811,2,budget,0
9730756084050,2,budget,0
15646989517187,2,budget,0
15819074601347,2,budget,0
15646994170243,2,budget,0
15319050748291,2,budget,0
15544576835971,2,budget,0
15819076534659,2,budget,0
15319048946051,2,budget,0
15396629840259,2,budget,0
15307290378627,2,budget,0
15303351697795,2,budget,0
15352470110595,2,budget,0
15575445176707,2,budget,0
9684130169170,2,budget,0
15389727064451,2,budget,0
15646985257347,2,budget,0
15599492694403,2,budget,0
15352471552387,2,budget,0
15409488363907,2,budget,0
15389726015875,2,budget,0
15728067805571,2,budget,0
15352472732035,2,budget,0
15252862796163,2,budget,0
9755306754386,2,budget,0
8976059334994,2,budget,0
15389727457667,2,budget,0
15506853953923,2,budget,0
15599491613059,2,budget,0
15448250548611,2,budget,0
15544574902659,2,budget,0
15360496370051,2,budget,0
15575445897603,2,budget,0
15575439802755,2,budget,0
15544574574979,2,budget,0
15862619963779,2,budget,0
15728074785155,2,budget,0
15448246321539,2,budget,0
15599491514755,2,budget,0
8733293609298,2,budget,0
15028949713283,2,budget,0
15217113399683,2,budget,0
15544583127427,2,budget,0
15862620422531,2,budget,0
15544584307075,2,budget,0
15457873101187,2,budget,0
15506857394563,2,budget,0
9730756903250,2,budget,0
15319053238659,2,budget,0
15335345815939,2,budget,0
15319051108739,2,budget,0
15506860802435,2,budget,0
8804858757458,2,budget,0
15544573591939,2,budget,0
15056164585859,2,budget,0
15544582308227,2,budget,0
15544581915011,2,budget,0
15575439114627,2,budget,0
9691760263506,2,budget,0
8360800158034,2,budget,0
15379489620355,2,budget,0
8490581000530,2,budget,0
15886035485059,2,budget,0
15599493742979,2,budget,0
15171093332355,2,budget,0
8838335791442,2,budget,0
15352473125251,2,budget,0
15352472535427,2,budget,0
15171096117635,2,budget,0
15599493546371,2,budget,0
8838340804946,2,budget,0
15728066953603,2,budget,0
15457873723779,2,budget,0
15028954694019,2,budget,0
15278338277763,2,budget,0
15728072425859,2,budget,0
15409079222659,2,budget,0
15457873920387,2,budget,0
15009545617795,2,budget,0
15448245731715,2,budget,0
15352473485699,2,budget,0
15009545421187,2,budget,0
15623868449155,2,budget,0
9691757085010,2,budget,0
15427616932227,2,budget,0
15646981095811,2,budget,0
15819072897411,2,budget,0
15457874608515,2,budget,0
15544580014467,2,budget,0
15506860048771,2,budget,0
15335324352899,2,budget,0
15409488396675,2,budget,0
15646989386115,2,budget,0
15599487353219,2,budget,0
9755299512658,2,budget,0
15506851758467,2,budget,0
15028955644291,2,budget,0
15647000265091,2,budget,0
9755302101330,2,budget,0
15506857591171,2,budget,0
15389728244099,2,budget,0
15278338670979,2,budget,0
15544573297027,2,budget,0
15383821681027,2,budget,0
15448249991555,2,budget,0
15396629512579,2,budget,0
15383821353347,2,budget,0
15862620684675,2,budget,0
15544584110467,2,budget,0
15307275534723,2,budget,0
15599491023235,2,budget,0
15819075420547,2,budget,0
15544581587331,2,budget,0
15217121198467,2,budget,0
15171095200131,2,budget,0
15396628758915,2,budget,0
15335323926915,2,budget,0
15819071979907,2,budget,0
15389726966147,2,budget,0
15396628660611,2,budget,0
15448246124931,2,budget,0
15319055663491,2,budget,0
15575441539459,2,budget,0
15599492202883,2,budget,0
15427618636163,2,budget,0
15646998593923,2,budget,0
15819074994563,2,budget,0
15646999282051,2,budget,0
15599488237955,2,budget,0
15025725604227,2,budget,0
15599488827779,2,budget,0
15427617194371,2,budget,0
15728075604355,2,budget,0
15728070066563,2,budget,0
15448250122627,2,budget,0
15623702937987,2,budget,0
15028951122307,2,budget,0
8655702655314,2,budget,0
15352474370435,2,budget,0
15171097690499,2,budget,0
15396629971331,2,budget,0
15427616833923,2,budget,0
15544580080003,2,budget,0
15819077878147,2,budget,0
15335345750403,2,budget,0
15307274813827,2,budget,0
15544579654019,2,budget,0
9572819337554,2,budget,0
15646993023363,2,budget,0
15409487643011,2,budget,0
15575445832067,2,budget,0
15544579916163,2,budget,0
15217123852675,2,budget,0
15389726638467,2,budget,0
15352471683459,2,budget,0
15599489810819,2,budget,0
15352470634883,2,budget,0
15728074916227,2,budget,0
15319055597955,2,budget,0
15379488702851,2,budget,0
15427617063299,2,budget,0
15025725243779,2,budget,0
15396628988291,2,budget,0
15028955808131,2,budget,0
15575439311235,2,budget,0
15319049175427,2,budget,0
15352471257475,2,budget,0
9572817764690,2,budget,0
15448246780291,2,budget,0
15056165765507,2,budget,0
15728073834883,2,budget,0
15886035714435,2,budget,0
15506849431939,2,budget,0
7678050566293,2,budget,0
15599491645827,2,budget,0
15352472240515,2,budget,0
15169782579587,2,budget,0
15506858574211,2,budget,0
15379489718659,2,budget,0
8360800387410,2,budget,0
15765864284547,2,budget,0
15646989091203,2,budget,0
15728068166019,2,budget,0
15544575361411,2,budget,0
9609095479634,2,budget,0
15319059235203,2,budget,0
15457873461635,2,budget,0
15819073094019,2,budget,0
15217117987203,2,budget,0
15335346700675,2,budget,0
15352471355779,2,budget,0
8793741721938,2,budget,0
15575439245699,2,budget,0
9755300036946,2,budget,0
9677971194194,2,budget,0
15728072229251,2,budget,0
15506854412675,2,budget,0
15352472273283,2,budget,0
15025727242627,2,budget,0
9755304886610,2,budget,0
15409487839619,2,budget,0
8743779270994,2,budget,0
15646987125123,2,budget,0
15457873625475,2,budget,0
15819074175363,2,budget,0
15862620291459,2,budget,0
9755296072018,2,budget,0
15575440621955,2,budget,0
15319056548227,2,budget,0
15396627218819,2,budget,0
15819077648771,2,budget,0
15544577065347,2,budget,0
15278337884547,2,budget,0
14997465465219,2,budget,0
15409078862211,2,budget,0
15819071947139,2,budget,0
15544580505987,2,budget,0
15379490046339,2,budget,0
15599492465027,2,budget,0
15352472207747,2,budget,0
15646993973635,2,budget,0
15819082039683,2,budget,0
15319056843139,2,budget,0
15352471847299,2,budget,0
15396626858371,2,budget,0
15623702413699,2,budget,0
15646994727299,2,budget,0
15575441211779,2,budget,0
15217118445955,2,budget,0
15319055532419,2,budget,0
15303354253699,2,budget,0
15409487282563,2,budget,0
15544581849475,2,budget,0
15728071344515,2,budget,0
15506850775427,2,budget,0
15367707001219,2,budget,0
15506855625091,2,budget,0
15352473289091,2,budget,0
15367706509699,2,budget,0
15396629938563,2,budget,0
15544584569219,2,budget,0
15379489063299,2,budget,0
9677934854482,2,budget,0
15009547092355,2,budget,0
15448247042435,2,budget,0
15599487549827,2,budget,0
15396629119363,2,budget,0
15544578605443,2,budget,0
15819073880451,2,budget,0
15396629381507,2,budget,0
15527216284035,2,budget,0
15646985683331,2,budget,0
15765863170435,2,budget,0
15599487877507,2,budget,0
15217110974851,2,budget,0
15728068133251,2,budget,0
15396630069635,2,budget,0
15765864186243,2,budget,0
15819075715459,2,budget,0
15427616997763,2,budget,0
15544574411139,2,budget,0
15217124180355,2,budget,0
15544581489027,2,budget,0
9572818256210,2,budget,0
15544582504835,2,budget,0
15056166257027,2,budget,0
15028955578755,2,budget,0
15575447241091,2,budget,0
9755303379282,2,budget,0
15028948763011,2,budget,0
15171097493891,2,budget,0
15396629873027,2,budget,0
15319059267971,2,budget,0
15599490892163,2,budget,0
15544575295875,2,budget,0
15448245993859,2,budget,0
15819073978755,2,budget,0
15544576147843,2,budget,0
15728071115139,2,budget,0
15819074929027,2,budget,0
15319058612611,2,budget,0
8838342246738,2,budget,0
9572820058450,2,budget,0
9677958938962,2,budget,0
15819081220483,2,budget,0
15819081941379,2,budget,0
15389728178563,2,budget,0
8793743524178,2,budget,0
15409487118723,2,budget,0
15728069149059,2,budget,0
9585272389970,2,budget,0
15646983913859,2,budget,0
15083274436995,2,budget,0
15427616342403,2,budget,0
15319056384387,2,budget,0
15506859426179,2,budget,0
15028955087235,2,budget,0
15819072700803,2,budget,0
15819075223939,2,budget,0
15252876689795,2,budget,0
15575439049091,2,budget,0
15819073061251,2,budget,0
15448249762179,2,budget,0
15427619193219,2,budget,0
15527215858051,2,budget,0
15457872511363,2,budget,0
15448246845827,2,budget,0
15217117233539,2,budget,0
15544574345603,2,budget,0
15319057957251,2,budget,0
15171092251011,2,budget,0
8355621470546,2,budget,0
15169772061059,2,budget,0
15396627054979,2,budget,0
15319050125699,2,budget,0
15457872019843,2,budget,0
15448250843523,2,budget,0
15457871856003,2,budget,0
15427617522051,2,budget,0
15646989648259,2,budget,0
15575441572227,2,budget,0
15383821812099,2,budget,0
15448250417539,2,budget,0
15367706640771,2,budget,0
15303354417539,2,budget,0
15056161374595,2,budget,0
15217116283267,2,budget,0
8520024719698,2,budget,0
15506854281603,2,budget,0
15217109860739,2,budget,0
15544582898051,2,budget,0
15728068821379,2,budget,0
15599494168963,2,budget,0
15819076665731,2,budget,0
15389727195523,2,budget,0
15448246419843,2,budget,0
15862619570563,2,budget,0
15319050289539,2,budget,0
15819075748227,2,budget,0
15352471617923,2,budget,0
15352474960259,2,budget,0
15427619062147,2,budget,0
15367706771843,2,budget,0
15389727687043,2,budget,0
15028950106499,2,budget,0
15171094774147,2,budget,0
15028952301955,2,budget,0
15819073388931,2,budget,0
15728073769347,2,budget,0
15578842071427,2,budget,0
15819075682691,2,budget,0
15578842005891,2,budget,0
15396627153283,2,budget,0
15599488074115,2,budget,0
15303352582531,2,budget,0
15728073605507,2,budget,0
15409488822659,2,budget,0
15352470733187,2,budget,0
15360494895491,2,budget,0
15765864579459,2,budget,0
9609102623058,2,budget,0
15448245371267,2,budget,0
15448247140739,2,budget,0
15352472895875,2,budget,0
15544574083459,2,budget,0
15575441179011,2,budget,0
9755298005330,2,budget,0
15506849595779,2,budget,0
15335346209155,2,budget,0
15575440523651,2,budget,0
15886035648899,2,budget,0
15319058284931,2,budget,0
15383821648259,2,budget,0
15409487380867,2,budget,0
15307277468035,2,budget,0
15217114055043,2,budget,0
15169773633923,2,budget,0
15352471028099,2,budget,0
15389726835075,2,budget,0
8476549710162,2,budget,0
14997460943235,2,budget,0
15319058186627,2,budget,0
15506850939267,2,budget,0
6686352441421,2,budget,0
6990291468365,2,budget,0
9600574724,1,mid_range,0
6818284175437,2,budget,0
6719026167885,2,budget,0
7115853725773,1,mid_range,0
6625030078541,1,mid_range,0
6677417263181,1,mid_range,0
3429237060,2,budget,0
7355708899405,2,budget,0
334725817,2,budget,0
4918949511245,1,mid_range,0
6625065107533,1,mid_range,0
4488165785677,1,mid_range,0
6865636425805,2,budget,0
4610966880333,1,mid_range,0
6810118225997,1,mid_range,0
6722305556557,1,mid_range,0
7454612947021,1,mid_range,0
6757463883853,1,mid_range,0
10413173060,1,mid_range,0
4870671269965,2,budget,0
6625171931213,1,mid_range,0
6579926892621,2,budget,0
6719026102349,2,budget,0
6810117439565,2,budget,0
6920349417549,1,mid_range,0
6686351851597,2,budget,0
6757462868045,1,mid_range,0
7355709685837,2,budget,0
6865637081165,1,mid_range,0
7454611898445,2,budget,0
7307484364877,2,budget,0
6920346730573,2,budget,0
6990288158797,1,mid_range,0
7257721798733,1,mid_range,0
6625172291661,1,mid_range,0
6920349352013,1,mid_range,0
6549280129101,1,mid_range,0
6886866485325,2,budget,0
6920347123789,2,budget,0
6722305753165,1,mid_range,0
1493859729482,1,mid_range,0
6886865403981,1,mid_range,0
7391322996813,2,budget,0
6886866944077,1,mid_range,0
7454612881485,1,mid_range,0
6757463621709,2,budget,0
440502878212,0,premium,0
6810118094925,1,mid_range,0
6990291632205,2,budget,0
7355709194317,2,budget,0
7454613733453,1,mid_range,0
2400047824973,2,budget,0
2359689642061,1,mid_range,0
7523419291725,1,mid_range,0
7115854118989,1,mid_range,0
6920347451469,1,mid_range,0
6842861060173,2,budget,0
1297040834634,0,premium,0
3679615811661,0,premium,0
6757462507597,2,budget,0
11249534980,0,premium,0
440502681604,1,mid_range,0
7391322800205,1,mid_range,0
6632841412685,1,mid_range,0
6990289010765,1,mid_range,0
6742547267661,2,budget,0
6810117505101,1,mid_range,0
7327965249613,1,mid_range,0
4419711236,2,budget,0
7391322898509,2,budget,0
6810117734477,1,mid_range,0
7355709325389,2,budget,0
6990288027725,2,budget,0
7355709390925,2,budget,0
6842860372045,1,mid_range,0
6860297633869,1,mid_range,0
6886866419789,2,budget,0
7355709358157,2,budget,0
6810121207885,1,mid_range,0
7307484201037,1,mid_range,0
440502747140,2,budget,0
6726800801869,1,mid_range,0
6719027118157,0,premium,0
6865638293581,1,mid_range,0
7115850842189,2,budget,0
6652885598285,1,mid_range,0
6757463982157,1,mid_range,0
6757464440909,2,budget,0
1493865365578,2,budget,0
6810122911821,1,mid_range,0
6810117013581,2,budget,0
7651608494157,1,mid_range,0
6686352965709,1,mid_range,0
3672357601357,1,mid_range,0
6810120945741,1,mid_range,0
6965883437133,1,mid_range,0
6873054871629,0,premium,0
6757463720013,1,mid_range,0
9981832324,2,budget,0
6686350901325,2,budget,0
7307484102733,1,mid_range,0
1493879488586,2,budget,0
6842860142669,1,mid_range,0
7318975905869,1,mid_range,0
440556257284,2,budget,0
6677417066573,1,mid_range,0
6757465030733,1,mid_range,0
1488644964426,2,budget,0
6757462409293,2,budget,0
3679616139341,2,budget,0
4635859157069,1,mid_range,0
440498520068,2,budget,0
7523415851085,1,mid_range,0
11632716868,0,premium,0
1296977100874,0,premium,0
4635859189837,1,mid_range,0
6990292254797,1,mid_range,0
6886867959885,1,mid_range,0
6742547333197,1,mid_range,0
7361651638349,1,mid_range,0
4918948528205,2,budget,0
6575215345741,0,premium,0
3748953292877,0,premium,0
4801798084,1,mid_range,0
3598222622797,2,budget,0
6810120355917,1,mid_range,0
6990291599437,2,budget,0
6886865993805,0,premium,0
6865641472077,1,mid_range,0
7355712045133,1,mid_range,0
6810123141197,1,mid_range,0
6990289469517,2,budget,0
10036559556,1,mid_range,0
6842858471501,1,mid_range,0
6747701739597,1,mid_range,0
6632672886861,2,budget,0
6604456984653,1,mid_range,0
6719026430029,1,mid_range,0
7115849924685,0,premium,0
7307483611213,1,mid_range,0
6920346763341,2,budget,0
7523419127885,1,mid_range,0
6214171076,0,premium,0
7355711127629,1,mid_range,0
6742548545613,0,premium,0
7307484004429,1,mid_range,0
6719026856013,1,mid_range,0
6810118291533,1,mid_range,0
6625172750413,2,budget,0
6686351360077,2,budget,0
6757464080461,1,mid_range,0
6625173143629,1,mid_range,0
6625172324429,2,budget,0
7361652883533,1,mid_range,0
6757462376525,2,budget,0
6821053988941,1,mid_range,0
6920348598349,2,budget,0
6886866550861,2,budget,0
6990289666125,2,budget,0
7361651146829,1,mid_range,0
7115851464781,1,mid_range,0
6625173078093,1,mid_range,0
6735435628621,1,mid_range,0
6726801588301,0,premium,0
6965787394125,1,mid_range,0
6677417132109,1,mid_range,0
6865642127437,0,premium,0
6686353227853,1,mid_range,0
6767833022541,1,mid_range,0
6686352343117,2,budget,0
9574839556,0,premium,0
7355711684685,1,mid_range,0
6757464637517,1,mid_range,0
9596758340,1,mid_range,0
6757461524557,2,budget,0
6625171701837,1,mid_range,0
6405345668,2,budget,0
6722305261645,1,mid_range,0
9596727556,2,budget,0
6757464801357,1,mid_range,0
6724645027917,1,mid_range,0
6742549299277,1,mid_range,0
6873054937165,1,mid_range,0
7115853856845,1,mid_range,0
6732395118669,1,mid_range,0
6967395549261,1,mid_range,0
6886865535053,1,mid_range,0
6990289862733,1,mid_range,0
4918950068301,1,mid_range,0
7391324045389,1,mid_range,0
5045430788,1,mid_range,0
6686351065165,2,budget,0
6887072301133,1,mid_range,0
7391323062349,2,budget,0
4926919409741,1,mid_range,0
6579926696013,2,budget,0
7391323095117,2,budget,0
4918947512397,2,budget,0
7115854872653,1,mid_range,0
6625172848717,2,budget,0
6719026659405,1,mid_range,0
6757462081613,1,mid_range,0
7355712012365,1,mid_range,0
1296984539210,0,premium,0
440502845444,0,premium,0
10040370180,2,budget,0
6757462671437,2,budget,0
6990291533901,2,budget,0
3598456881229,0,premium,0
6735435759693,1,mid_range,0
6686352113741,1,mid_range,0
6722304933965,2,budget,0
6742548971597,2,budget,0
6842861879373,1,mid_range,0
6726801293389,1,mid_range,0
6608045670477,1,mid_range,0
2401340194893,2,budget,0
6990308180045,1,mid_range,0
6677417230413,1,mid_range,0
7376878436429,1,mid_range,0
6996007288909,2,budget,0
6579926663245,2,budget,0
6686352539725,2,budget,0
7651609313357,1,mid_range,0
7454613373005,2,budget,0
4918948036685,2,budget,0
6842862338125,1,mid_range,0
6753192640589,1,mid_range,0
6886867992653,1,mid_range,0
6886865010765,0,premium,0
6757463556173,2,budget,0
6670539849805,1,mid_range,0
7355710865485,1,mid_range,0
6810117046349,2,budget,0
6818285060173,1,mid_range,0
6575215050829,1,mid_range,0
6865641275469,1,mid_range,0
4670078084,2,budget,0
2400077381709,1,mid_range,0
6757464211533,1,mid_range,0
2398546231373,1,mid_range,0
277528444932,1,mid_range,0
6757461852237,1,mid_range,0
7355708997709,2,budget,0
7115853627469,1,mid_range,0
6920347156557,2,budget,0
7454611734605,2,budget,0
6625170948173,1,mid_range,0
6920349515853,1,mid_range,0
6174774084,2,budget,0
7454612717645,1,mid_range,0
7454613143629,1,mid_range,0
7361652228173,1,mid_range,0
7523415261261,2,budget,0
6920347189325,2,budget,0
6575215083597,1,mid_range,0
10060028548,2,budget,0
6742547234893,2,budget,0
7115852054605,1,mid_range,0
1493903867978,2,budget,0
6824947515469,1,mid_range,0
6990288781389,1,mid_range,0
6920348762189,2,budget,0
6575214690381,1,mid_range,0
6990287994957,2,budget,0
6549279703117,1,mid_range,0
7454613504077,2,budget,0
6719026135117,2,budget,0
12048695748,1,mid_range,0
6767831711821,1,mid_range,0
7454610915405,1,mid_range,0
6742548938829,2,budget,0
6886867206221,1,mid_range,0
1493854715978,2,budget,0
4918950297677,1,mid_range,0
4420476797005,1,mid_range,0
7454612422733,1,mid_range,0
6625170227277,2,budget,0
6886868320333,2,budget,0
6842862370893,1,mid_range,0
4787927044,1,mid_range,0
6757463687245,1,mid_range,0
2404651106381,1,mid_range,0
6901906341965,2,budget,0
6865642160205,2,budget,0
6747701837901,1,mid_range,0
6758249168973,0,premium,0
6810119995469,2,budget,0
6583821074509,1,mid_range,0
6842861420621,2,budget,0
7651606790221,1,mid_range,0
6686351097933,2,budget,0
3538931384397,1,mid_range,0
6846131732557,1,mid_range,0
7361652654157,1,mid_range,0
6671245836365,2,budget,0
6686350934093,2,budget,0
334693785,1,mid_range,0
6886865141837,2,budget,0
4488166703181,1,mid_range,0
6625170817101,1,mid_range,0
11126030020,1,mid_range,0
7115853529165,1,mid_range,0
7355711258701,1,mid_range,0
7523419422797,1,mid_range,0
6920348401741,2,budget,0
6842858307661,1,mid_range,0
7115851661389,1,mid_range,0
7454611603533,2,budget,0
1493895675978,2,budget,0
6633526067277,0,premium,0
6726801883213,0,premium,0
6886867238989,1,mid_range,0
6757462933581,1,mid_range,0
7355709227085,2,budget,0
7355710439501,1,mid_range,0
6887072071757,1,mid_range,0
6670540243021,1,mid_range,0
6742547923021,2,budget,0
6686351654989,2,budget,0
6865637277773,1,mid_range,0
6990289207373,0,premium,0
6757461295181,0,premium,0
7391321915469,0,premium,0
6689137197133,1,mid_range,0
6625173405773,2,budget,0
10413149956,0,premium,0
6719026200653,2,budget,0
6625172914253,2,budget,0
4610966716493,1,mid_range,0
7454611341389,2,budget,0
6348999108,0,premium,0
7115854610509,2,budget,0
6747720155213,1,mid_range,0
7355709063245,2,budget,0
7307484692557,1,mid_range,0
6887072104525,1,mid_range,0
6724644995149,1,mid_range,0
6625172422733,1,mid_range,0
6842862600269,1,mid_range,0
7355711422541,1,mid_range,0
7307483643981,1,mid_range,0
6965883502669,1,mid_range,0
6865636393037,2,budget,0
4498257739853,1,mid_range,0
7355710111821,2,budget,0
6865642029133,1,mid_range,0
6686352375885,2,budget,0
6745402179661,2,budget,0
7523419488333,1,mid_range,0
7115854676045,2,budget,0
7345849368653,0,premium,0
6990291664973,2,budget,0
6737891360845,1,mid_range,0
6920349155405,1,mid_range,0
9515506948,2,budget,0
7355710242893,2,budget,0
6967395516493,1,mid_range,0
4918948986957,1,mid_range,0
4413128196,1,mid_range,0
4755244286029,1,mid_range,0
4918949904461,1,mid_range,0
7307482529869,2,budget,0
3630756986957,2,budget,0
6865637179469,1,mid_range,0
7454612979789,1,mid_range,0
7523416047693,1,mid_range,0
6990291206221,1,mid_range,0
6687197626445,1,mid_range,0
6996007256141,1,mid_range,0
6990307983437,1,mid_range,0
6625172160589,1,mid_range,0
6625172586573,1,mid_range,0
1493894496330,2,budget,0
6625170522189,1,mid_range,0
4454607620,2,budget,0
6722305163341,1,mid_range,0
4631176708173,2,budget,0
6865636982861,1,mid_range,0
6865639374925,0,premium,0
6579926827085,2,budget,0
12049041028,1,mid_range,0
6810120388685,1,mid_range,0
6810123173965,1,mid_range,0
4927343951949,1,mid_range,0
6745211928653,1,mid_range,0
1488646013002,1,mid_range,0
10060023876,1,mid_range,0
6742549594189,1,mid_range,0
4584351236,2,budget,0
4935600068,0,premium,0
4918949249101,1,mid_range,0
6842861551693,2,budget,0
6722305523789,1,mid_range,0
7355710734413,1,mid_range,0
6920349220941,1,mid_range,0
6575214592077,1,mid_range,0
7355709816909,2,budget,0
6757461327949,0,premium,0
6886867173453,1,mid_range,0
6598770163789,2,budget,0
2401342423117,2,budget,0
7361653014605,1,mid_range,0
6757463654477,2,budget,0
6742547497037,0,premium,0
9181340804,1,mid_range,0
3559477837901,2,budget,0
7115852906573,1,mid_range,0
6742548054093,2,budget,0
6625173176397,2,budget,0
6757461819469,1,mid_range,0
6737891655757,1,mid_range,0
6686350868557,2,budget,0
9985938628,1,mid_range,0
7355711357005,1,mid_range,0
3598429093965,0,premium,0
6901906309197,2,budget,0
4918948200525,2,budget,0
7355711455309,1,mid_range,0
6716796108877,1,mid_range,0
6757462114381,1,mid_range,0
6742547988557,2,budget,0
7391323291725,1,mid_range,0
3582570168397,1,mid_range,0
6865637998669,1,mid_range,0
280693571588,1,mid_range,0
6719026462797,1,mid_range,0
6810121601101,2,budget,0
6722304835661,2,budget,0
1488646406218,1,mid_range,0
6865640652877,1,mid_range,0
378386148,0,premium,0
6846131798093,1,mid_range,0
6598770262093,2,budget,0
7391323848781,2,budget,0
6579927580749,2,budget,0
6990308147277,1,mid_range,0
6842862534733,1,mid_range,0
11053136708,1,mid_range,0
1488639918154,2,budget,0
6810117210189,2,budget,0
7391323914317,2,budget,0
6865641603149,0,premium,0
7307482955853,0,premium,0
6625030406221,1,mid_range,0
7361652162637,1,mid_range,0
6625172062285,1,mid_range,0
6686376755277,1,mid_range,0
1297154408522,2,budget,0
334727705,1,mid_range,0
4918950428749,1,mid_range,0
6670539980877,1,mid_range,0
6625169965133,0,premium,0
7393773813837,1,mid_range,0
7115850711117,2,budget,0
1297038999626,0,premium,0
6990289829965,1,mid_range,0
7355709128781,2,budget,0
6810118750285,1,mid_range,0
7327965184077,1,mid_range,0
4631977028,2,budget,0
7523415490637,2,budget,0
7651606888525,1,mid_range,0
6670540341325,1,mid_range,0
4918950166605,1,mid_range,0
7391322538061,1,mid_range,0
7355710701645,1,mid_range,0
6886865371213,1,mid_range,0
4870669631565,1,mid_range,0
6842860240973,1,mid_range,0
6767831941197,1,mid_range,0
1292669190218,2,budget,0
6810118389837,1,mid_range,0
7355710144589,2,budget,0
4926919278669,1,mid_range,0
6990308409421,1,mid_range,0
6852218814541,1,mid_range,0
6886866026573,0,premium,0
1488642080842,1,mid_range,0
6757461491789,2,budget,0
6726801424461,2,budget,0
6625170849869,1,mid_range,0
694644612,2,budget,0
7454611177549,0,premium,0
6757464047693,1,mid_range,0
1382778863690,2,budget,0
4918950133837,1,mid_range,0
1493855174730,2,budget,0
6689137262669,1,mid_range,0
6686352506957,2,budget,0
6767832072269,1,mid_range,0
6842860896333,0,premium,0
6579927711821,2,budget,0
10040249924,0,premium,0
7523418832973,2,budget,0
6757461786701,1,mid_range,0
7115853955149,1,mid_range,0
10036525316,1,mid_range,0
7454613274701,2,budget,0
6687159943245,2,budget,0
6865636098125,0,premium,0
7307483971661,1,mid_range,0
6842860535885,1,mid_range,0
7307484266573,0,premium,0
4635859124301,1,mid_range,0
6757461721165,1,mid_range,0
6886867927117,1,mid_range,0
6886865305677,2,budget,0
3559482589261,0,premium,0
4918949478477,1,mid_range,0
4631176642637,2,budget,0
4926919311437,1,mid_range,0
6886866354253,2,budget,0
6633526132813,1,mid_range,0
6726801129549,2,budget,0
6625170325581,2,budget,0
6719026004045,0,premium,0
6742547628109,0,premium,0
6757464539213,1,mid_range,0
280710250500,2,budget,0
1106057284,0,premium,0
6886866321485,2,budget,0
1382773588042,2,budget,0
7355709489229,2,budget,0
6865640882253,1,mid_range,0
7115851202637,2,budget,0
4918949216333,1,mid_range,0
1297039261770,0,premium,0
7523416506445,1,mid_range,0
7523415425101,2,budget,0
4158945198157,2,budget,0
6722304639053,2,budget,0
6886865076301,2,budget,0
7125178679373,1,mid_range,0
6990291304525,0,premium,0
6886867140685,1,mid_range,0
6775596843085,1,mid_range,0
4160871300,2,budget,0
9487358916,0,premium,0
6670539882573,1,mid_range,0
7355709784141,2,budget,0
7523412279373,1,mid_range,0
6625172357197,2,budget,0
6742547955789,2,budget,0
6920349548621,1,mid_range,0
7307483185229,2,budget,0
1403770404938,0,premium,0
7355709653069,2,budget,0
6842858111053,2,budget,0
6865640325197,2,budget,0
9600588356,0,premium,0
6842861191245,2,budget,0
7307484790861,1,mid_range,0
6742548873293,2,budget,0
6687160205389,2,budget,0
6887072202829,1,mid_range,0
6865640620109,2,budget,0
6579928170573,1,mid_range,0
7355709915213,2,budget,0
6810121437261,0,premium,0
6726801686605,2,budget,0
6719026069581,2,budget,0
6818331066445,1,mid_range,0
7523411001421,1,mid_range,0
6757464309837,1,mid_range,0
6920347091021,2,budget,0
6625173307469,2,budget,0
7454610718797,0,premium,0
4500231364,0,premium,0
6990291894349,1,mid_range,0
6625173209165,2,budget,0
9981990660,1,mid_range,0
7307484299341,0,premium,0
4820243268,2,budget,0
4488162607181,1,mid_range,0
7391323586637,1,mid_range,0
7454611701837,2,budget,0
6687159910477,2,budget,0
4285270687821,1,mid_range,0
6990287732813,0,premium,0
6583821008973,1,mid_range,0
10413041988,1,mid_range,0
6757462966349,1,mid_range,0
4918947938381,2,budget,0
6865638195277,1,mid_range,0
6920347418701,2,budget,0
6810121666637,2,budget,0
6886867730509,2,budget,0
6745402212429,2,budget,0
7391323390029,1,mid_range,0
6865635934285,0,premium,0
6757461426253,2,budget,0
7448541921357,1,mid_range,0
6886865600589,1,mid_range,0
6810122747981,1,mid_range,0
6742547300429,1,mid_range,0
7115851038797,2,budget,0
6742547759181,2,budget,0
10424479514960,0,premium,0
10445877903696,0,premium,0
10445914046800,0,premium,0
10424488329552,0,premium,0
10445931708752,0,premium,0
10445931446608,0,premium,0
10445886095696,0,premium,0
10445905756496,0,premium,0
10445932986704,0,premium,0
10445842841936,0,premium,0
10424487477584,0,premium,0
10424490623312,0,premium,0
10445886849360,0,premium,0
10424473518416,0,premium,0
10424480498000,0,premium,0
10445884784976,0,premium,0
10445916373328,0,premium,0
10445907493200,0,premium,0
10445907689808,0,premium,0
10445915947344,0,premium,0
10445865550160,0,premium,0
10424489181520,0,premium,0
10424265539920,0,premium,0
10424241848656,0,premium,0
10445899366736,0,premium,0
10445900677456,0,premium,0
10445865943376,0,premium,0
10445922926928,0,premium,0
10424325505360,1,mid_range,0
10445908050256,0,premium,0
10445886030160,0,premium,0
10445901070672,0,premium,0
10445916930384,0,premium,0
10445922959696,0,premium,0
10424470274384,0,premium,0
10445872202064,0,premium,0
10445929644368,0,premium,0
10445845594448,0,premium,0
10445843169616,0,premium,0
10445932560720,0,premium,0
10445844709712,0,premium,0
10445916438864,0,premium,0
10445914276176,0,premium,0
10445856670032,0,premium,0
10424481710416,0,premium,0
10424470208848,0,premium,0
10424470470992,0,premium,0
10445869121872,0,premium,0
10424483348816,0,premium,0
10445865910608,0,premium,0
10445935640912,0,premium,0
10424487870800,0,premium,0
10424209342800,1,mid_range,0
10424487051600,0,premium,0
10424482890064,0,premium,0
10445901267280,0,premium,0
10445907657040,0,premium,0
10445845954896,0,premium,0
10424312267088,1,mid_range,0
10445863453008,0,premium,0
10445926498640,0,premium,0
10445849952592,0,premium,0
10445934428496,0,premium,0
10424486723920,0,premium,0
10445910344016,0,premium,0
10445913293136,0,premium,0
10445882589520,0,premium,0
10424471290192,0,premium,0
10445875675472,0,premium,0
10424482660688,0,premium,0
10445852672336,0,premium,0
10445846643024,0,premium,0
10445912965456,0,premium,0
10445877248336,0,premium,0
10424214258000,0,premium,0
10445879705936,0,premium,0
10445914472784,0,premium,0
10445875544400,0,premium,0
10445888225616,0,premium,0
10445847134544,0,premium,0
10424481087824,0,premium,0
10424468013392,0,premium,0
10445874266448,0,premium,0
10445923058000,0,premium,0
10424483774800,0,premium,0
10424487543120,0,premium,0
10445866074448,0,premium,0
10445933117776,0,premium,0
10445916733776,0,premium,0
10445906215248,0,premium,0
10445905658192,0,premium,0
10445886554448,0,premium,0
10445899661648,0,premium,0
10445849821520,0,premium,0
10445907165520,0,premium,0
10445898645840,0,premium,0
10445883539792,0,premium,0
10445945110864,0,premium,0
10424485773648,0,premium,0
10445900874064,0,premium,0
10445877182800,0,premium,0
10445843988816,0,premium,0
10445932953936,0,premium,0
10445919715664,0,premium,0
10445905264976,0,premium,0
10424483709264,0,premium,0
10424325734736,1,mid_range,0
10424475910480,0,premium,0
10445873578320,0,premium,0
10445863289168,0,premium,0
10445847036240,0,premium,0
10424481874256,0,premium,0
10445930463568,0,premium,0
10424486527312,0,premium,0
10445886325072,0,premium,0
10424486166864,0,premium,0
10445924139344,0,premium,0
10424285004112,2,budget,0
10445918568784,0,premium,0
10445899563344,0,premium,0
10424481579344,0,premium,0
10424471060816,0,premium,0
10424485871952,0,premium,0
10424476959056,0,premium,0
10424470798672,0,premium,0
10445885997392,0,premium,0
10445897990480,0,premium,0
10445907263824,0,premium,0
10445866107216,0,premium,0
10424468996432,0,premium,0
10445849755984,0,premium,0
10424221598032,1,mid_range,0
10424284971344,2,budget,0
10424214028624,0,premium,0
10445883474256,0,premium,0
10445882032464,0,premium,0
10424480923984,0,premium,0
10424485609808,0,premium,0
10424479220048,0,premium,0
10445918994768,0,premium,0
10424474075472,0,premium,0
10445943603536,0,premium,0
10445898842448,0,premium,0
10424291361104,2,budget,0
10424324718928,1,mid_range,0
10445931577680,0,premium,0
10445881573712,0,premium,0
10424472273232,0,premium,0
10445915029840,0,premium,0
10424480825680,0,premium,0
10445865451856,0,premium,0
10445898580304,0,premium,0
10424488296784,0,premium,0
10424221466960,1,mid_range,0
10424478433616,0,premium,0
10445875446096,0,premium,0
10445869973840,0,premium,0
10445862601040,0,premium,0
10424471159120,0,premium,0
10424479351120,0,premium,0
10424491508048,0,premium,0
10445904249168,0,premium,0
10445860995408,0,premium,0
10445923877200,0,premium,0
10445845135696,0,premium,0
10445865353552,0,premium,0
10445847986512,0,premium,0
10445874757968,0,premium,0
10445920338256,0,premium,0
10445916143952,0,premium,0
10445847822672,0,premium,0
10445881246032,0,premium,0
10445917618512,0,premium,0
10445934690640,0,premium,0
10424490197328,0,premium,0
10445852082512,0,premium,0
10445925417296,0,premium,0
10424470307152,0,premium,0
10424208490832,1,mid_range,0
10445861978448,0,premium,0
10424470077776,0,premium,0
10424467161424,0,premium,0
10424488788304,0,premium,0
10424479547728,0,premium,0
10445846315344,0,premium,0
10424489738576,0,premium,0
10445861814608,0,premium,0
10445902217552,0,premium,0
10424330617168,1,mid_range,0
10445868106064,0,premium,0
10445922500944,0,premium,0
10445908869456,0,premium,0
10445878821200,0,premium,0
10445903069520,0,premium,0
10424468767056,0,premium,0
10445933642064,0,premium,0
10424469225808,0,premium,0
10445850509648,0,premium,0
10445878002000,0,premium,0
10445880426832,0,premium,0
10445866139984,0,premium,0
10445922992464,0,premium,0
10445886980432,0,premium,0
10445944684880,0,premium,0
10424475091280,0,premium,0
10445915193680,0,premium,0
10445879017808,0,premium,0
10424484397392,0,premium,0
10445861781840,0,premium,0
10424487018832,0,premium,0
10445863420240,0,premium,0
10424486297936,0,premium,0
10424220778832,1,mid_range,0
10424482726224,0,premium,0
10445872955728,0,premium,0
10445899202896,0,premium,0
10445848019280,0,premium,0
10445901463888,0,premium,0
10424248467792,0,premium,0
10424479023440,0,premium,0
10445867909456,0,premium,0
10424468472144,0,premium,0
10445899727184,0,premium,0
10445910147408,0,premium,0
10445901365584,0,premium,0
10445904085328,0,premium,0
10424472043856,0,premium,0
10445848543568,0,premium,0
10424475713872,0,premium,0
10424471355728,0,premium,0
10445909492048,0,premium,0
10445867778384,0,premium,0
10424475976016,0,premium,0
10424221729104,1,mid_range,0
10424483479888,0,premium,0
10424322916688,1,mid_range,0
10424484626768,0,premium,0
10424478630224,0,premium,0
10445930955088,0,premium,0
10445905199440,0,premium,0
10424467685712,0,premium,0
10424486134096,0,premium,0
10424469127504,0,premium,0
10445912473936,0,premium,0
10445861749072,0,premium,0
10424225530192,1,mid_range,0
10445885342032,0,premium,0
10445932626256,0,premium,0
10445887570256,0,premium,0
10424482333008,0,premium,0
10445889503568,0,premium,0
10445880099152,0,premium,0
10445882261840,0,premium,0
10424483152208,0,premium,0
10424467489104,0,premium,0
10445842612560,0,premium,0
10445867843920,0,premium,0
10445889700176,0,premium,0
10445899301200,0,premium,0
10445915652432,0,premium,0
10445903987024,0,premium,0
10445861847376,0,premium,0
10445848609104,0,premium,0
10445878198608,0,premium,0
10445888291152,0,premium,0
10445919945040,0,premium,0
10445863944528,0,premium,0
10424481218896,0,premium,0
10445873119568,0,premium,0
10424470896976,0,premium,0
10445870760272,0,premium,0
10445930692944,0,premium,0
10445902020944,0,premium,0
10445864829264,0,premium,0
10445846511952,0,premium,0
10445866533200,0,premium,0
10424472371536,0,premium,0
10445876887888,0,premium,0
10424268915024,0,premium,0
10424475844944,0,premium,0
10445845365072,0,premium,0
10424221892944,1,mid_range,0
10445913096528,0,premium,0
10445933838672,0,premium,0
10424314429776,1,mid_range,0
10445935444304,0,premium,0
10445869711696,0,premium,0
10424471748944,0,premium,0
10445900284240,0,premium,0
10445919355216,0,premium,0
10445855555920,0,premium,0
10424471519568,0,premium,0
10445928104272,0,premium,0
10445871448400,0,premium,0
10445909852496,0,premium,0
10424474108240,0,premium,0
10424220746064,1,mid_range,0
10445918110032,0,premium,0
10445873447248,0,premium,0
10424476631376,0,premium,0
10424469291344,0,premium,0
10424220811600,1,mid_range,0
10445883998544,0,premium,0
10445862797648,0,premium,0
10424485839184,0,premium,0
10445912310096,0,premium,0
10424483873104,0,premium,0
10445929054544,0,premium,0
10445917094224,0,premium,0
10445930725712,0,premium,0
10445845496144,0,premium,0
10424314298704,1,mid_range,0
10424478794064,0,premium,0
10445869547856,0,premium,0
10445902610768,0,premium,0
10445932298576,0,premium,0
10445856211280,0,premium,0
10445934592336,0,premium,0
10424488395088,0,premium,0
10445866565968,0,premium,0
10424490590544,0,premium,0
10445922107728,0,premium,0
10445912637776,0,premium,0
10445944652112,0,premium,0
10424483119440,0,premium,0
10445856047440,0,premium,0
10445848150352,0,premium,0
10424491114832,0,premium,0
10424474927440,0,premium,0
10424474403152,0,premium,0
10445928431952,0,premium,0
10424485708112,0,premium,0
10445923549520,0,premium,0
10445931839824,0,premium,0
10424483938640,0,premium,0
10445931250000,0,premium,0
10445869580624,0,premium,0
10445853491536,0,premium,0
10424203968848,1,mid_range,0
10445920108880,0,premium,0
10445910901072,0,premium,0
10445851165008,0,premium,0
10424476139856,0,premium,0
10445922304336,0,premium,0
10445927022928,0,premium,0
10445874659664,0,premium,0
10445918273872,0,premium,0
10445921354064,0,premium,0
10424487936336,0,premium,0
10445918962000,0,premium,0
10424477876560,0,premium,0
10424466997584,0,premium,0
10445875904848,0,premium,0
10424484823376,0,premium,0
10424482496848,0,premium,0
10424480661840,0,premium,0
10445944095056,0,premium,0
10445887209808,0,premium,0
10445869613392,0,premium,0
10445842481488,0,premium,0
10445929906512,0,premium,0
10445907624272,0,premium,0
10445876166992,0,premium,0
10424475615568,0,premium,0
10424468504912,0,premium,0
10445878690128,0,premium,0
10445906542928,0,premium,0
10445917290832,0,premium,0
10445843267920,0,premium,0
10445935739216,0,premium,0
10445884096848,0,premium,0
10445863747920,0,premium,0
10445871939920,0,premium,0
10424491278672,0,premium,0
10424471716176,0,premium,0
10445843398992,0,premium,0
10445922042192,0,premium,0
10445903823184,0,premium,0
10424482824528,0,premium,0
10445885014352,0,premium,0
10445868728656,0,premium,0
10445884653904,0,premium,0
10445909688656,0,premium,0
10445884358992,0,premium,0
10424225399120,1,mid_range,0
10424490787152,0,premium,0
10424475255120,0,premium,0
10424474272080,0,premium,0
10424478204240,0,premium,0
10445930004816,0,premium,0
10445944357200,0,premium,0
10445874331984,0,premium,0
10445906575696,0,premium,0
10445901529424,0,premium,0
10445842874704,0,premium,0
10424469422416,0,premium,0
10445922206032,0,premium,0
10445844775248,0,premium,0
10445910999376,0,premium,0
10424478073168,0,premium,0
10445912867152,0,premium,0
10424475156816,0,premium,0
10445925777744,0,premium,0
10445916242256,0,premium,0
10424483447120,0,premium,0
10424482300240,0,premium,0
10445927874896,0,premium,0
10445900841296,0,premium,0
10445854736720,0,premium,0
10445877117264,0,premium,0
10445883441488,0,premium,0
10445923746128,0,premium,0
10445935116624,0,premium,0
10445865681232,0,premium,0
10445909918032,0,premium,0
10445921419600,0,premium,0
10424488034640,0,premium,0
10424325669200,1,mid_range,0
10445915291984,0,premium,0
10424481382736,0,premium,0
10445934821712,0,premium,0
10445854802256,0,premium,0
10445880656208,0,premium,0
10424324653392,1,mid_range,0
10424325210448,1,mid_range,0
10424468832592,0,premium,0
10424489967952,0,premium,0
10445913555280,0,premium,0
10445849362768,0,premium,0
10445872398672,0,premium,0
10445904675152,0,premium,0
10445867811152,0,premium,0
10424468668752,0,premium,0
10424334418256,0,premium,0
10424490000720,0,premium,0
10424472109392,0,premium,0
10445889470800,0,premium,0
10424225333584,1,mid_range,0
10445944324432,0,premium,0
10424489771344,0,premium,0
10445873086800,0,premium,0
10445905985872,0,premium,0
10445930529104,0,premium,0
10424481907024,0,premium,0
10445862633808,0,premium,0
10445922828624,0,premium,0
10445926400336,0,premium,0
10424222548304,1,mid_range,0
10424478662992,0,premium,0
10424477090128,0,premium,0
10445881934160,0,premium,0
10445848445264,0,premium,0
10445903855952,0,premium,0
10445922402640,0,premium,0
10424480694608,0,premium,0
10445906870608,0,premium,0
10445884719440,0,premium,0
10445923189072,0,premium,0
10445899694416,0,premium,0
10445881639248,0,premium,0
10424485544272,0,premium,0
10445912080720,0,premium,0
10424241684816,0,premium,0
10424481972560,0,premium,0
10424466899280,0,premium,0
10424472568144,0,premium,0
10424471880016,0,premium,0
10424490819920,0,premium,0
10445875085648,0,premium,0
10445864993104,0,premium,0
10445855654224,0,premium,0
10445932364112,0,premium,0
10445872365904,0,premium,0
10445898285392,0,premium,0
10424243749200,0,premium,0
10445907231056,0,premium,0
10445901660496,0,premium,0
10445931381072,0,premium,0
10424469324112,0,premium,0
10445899465040,0,premium,0
10445866238288,0,premium,0
10445851951440,0,premium,0
10445906837840,0,premium,0
10445846184272,0,premium,0
10445934461264,0,premium,0
10445851820368,0,premium,0
10445878460752,0,premium,0
10445916635472,0,premium,0
10424478531920,0,premium,0
10445883408720,0,premium,0
10445887340880,0,premium,0
10445920862544,0,premium,0
10445923451216,0,premium,0
10445944455504,0,premium,0
10424487346512,0,premium,0
10445931479376,0,premium,0
10445902152016,0,premium,0
10445932429648,0,premium,0
10424467980624,0,premium,0
10445900972368,0,premium,0
15436121571401,0,premium,0
15352158158921,0,premium,0
15352138629193,0,premium,0
15352140791881,0,premium,0
15350270328905,0,premium,0
15436130713673,0,premium,0
15352157175881,0,premium,0
15352138432585,0,premium,0
7279352905801,0,premium,0
7376694902857,0,premium,0
2143279546441,0,premium,0
15436107841609,0,premium,0
15454670159945,0,premium,0
15352142364745,0,premium,0
15352151539785,0,premium,0
15352160321609,0,premium,0
15436126552137,0,premium,0
15436117213257,0,premium,0
15352142921801,0,premium,0
7376661020745,0,premium,0
15352141512777,0,premium,0
15436111216713,0,premium,0
15352161828937,0,premium,0
7334267453513,0,premium,0
15436119998537,0,premium,0
15352162582601,0,premium,0
7376661446729,0,premium,0
15436115607625,0,premium,0
15352158847049,0,premium,0
15352145641545,0,premium,0
15436119867465,0,premium,0
15493627281481,0,premium,0
7376692478025,0,premium,0
7376689889353,0,premium,0
15352159928393,0,premium,0
15454669602889,0,premium,0
15352139972681,0,premium,0
6619307343945,1,mid_range,0
6906306789449,0,premium,0
6565902581833,0,premium,0
7376695001161,0,premium,0
7262498127945,0,premium,0
15352158257225,0,premium,0
15436112920649,0,premium,0
7376673210441,0,premium,0
4336892149833,0,premium,0
15436115542089,0,premium,0
15436128878665,0,premium,0
6620493774921,0,premium,0
7262500487241,0,premium,0
15352162189385,0,premium,0
15436111839305,0,premium,0
15352144199753,0,premium,0
6812927230025,0,premium,0
7376688152649,0,premium,0
15511050158153,0,premium,0
15352143020105,0,premium,0
15436123078729,0,premium,0
15352159764553,0,premium,0
7376685203529,0,premium,0
15436106825801,0,premium,0
7284090437705,0,premium,0
15352150261833,0,premium,0
7376693002313,0,premium,0
6906859323465,0,premium,0
6906859290697,0,premium,0
15436115673161,0,premium,0
15436114067529,0,premium,0
15352142299209,0,premium,0
7376690282569,0,premium,0
15436127797321,0,premium,0
15352161140809,0,premium,0
15436110266441,0,premium,0
15327492505673,0,premium,0
15436112724041,0,premium,0
7376693919817,0,premium,0
15436114591817,0,premium,0
7376694706249,0,premium,0
15352148918345,0,premium,0
7376695984201,0,premium,0
15352158814281,0,premium,0
6565898125385,0,premium,0
15352159305801,0,premium,0
15436107677769,0,premium,0
15352157503561,0,premium,0
6906608189513,0,premium,0
6906602618953,0,premium,0
15436116197449,0,premium,0
15436127338569,0,premium,0
15436127830089,0,premium,0
15436131532873,0,premium,0
2215617462345,1,mid_range,0
15436118163529,0,premium,0
7376695590985,0,premium,0
15352138104905,0,premium,0
15352159207497,0,premium,0
15352155897929,0,premium,0
4581709021257,0,premium,0
15352160845897,0,premium,0
15436131106889,0,premium,0
15436118720585,0,premium,0
7376665935945,0,premium,0
15454669766729,0,premium,0
15352161665097,0,premium,0
6812908224585,0,premium,0
15352162222153,0,premium,0
15352139415625,0,premium,0
15454669635657,0,premium,0
15352138924105,0,premium,0
15436107939913,0,premium,0
1296287170633,1,mid_range,0
15436118491209,0,premium,0
15352154783817,0,premium,0
15352137515081,0,premium,0
6812922937417,0,premium,0
7376676487241,0,premium,0
7376676618313,0,premium,0
15352160387145,0,premium,0
15352158322761,0,premium,0
7376667181129,0,premium,0
15436107022409,0,premium,0
15436118097993,0,premium,0
7376673308745,0,premium,0
15436122128457,0,premium,0
15436113477705,0,premium,0
15352155177033,0,premium,0
7376695197769,0,premium,0
15352153899081,0,premium,0
15352154914889,0,premium,0
15436115509321,0,premium,0
15436125077577,0,premium,0
7311986032713,0,premium,0
15352151965769,0,premium,0
6906855391305,0,premium,0
15436125241417,0,premium,0
15454669209673,0,premium,0
7376683499593,0,premium,0
15436122357833,0,premium,0
15352141152329,0,premium,0
7376672456777,0,premium,0
15352164122697,0,premium,0
7376672391241,0,premium,0
15436108267593,0,premium,0
7376681074761,0,premium,0
15454669897801,0,premium,0
7280867147849,0,premium,0
15436110069833,0,premium,0
6620488597577,0,premium,0
7376693755977,0,premium,0
7376693428297,0,premium,0
15436108234825,0,premium,0
7311993307209,0,premium,0
4531744374857,0,premium,0
7376675078217,0,premium,0
7376669868105,0,premium,0
15352156848201,0,premium,0
7376678289481,0,premium,0
15436127633481,0,premium,0
15436131237961,0,premium,0
6812924543049,0,premium,0
4336897327177,1,mid_range,0
15436124389449,0,premium,0
15436117049417,0,premium,0
15352142331977,0,premium,0
15350269575241,0,premium,0
15436113510473,0,premium,0
15408674963529,0,premium,0
15352148033609,0,premium,0
7376672718921,0,premium,0
15436114755657,0,premium,0
15436112527433,0,premium,0
6887046381641,0,premium,0
15352144658505,0,premium,0
7376672653385,0,premium,0
15352161075273,0,premium,0
7376693035081,0,premium,0
15352140955721,0,premium,0
10076618305,0,premium,0
15436116033609,0,premium,0
7376692215881,0,premium,0
7376695656521,0,premium,0
7376669966409,0,premium,0
15436111511625,0,premium,0
7376683008073,0,premium,0
6619305738313,0,premium,0
6905500303433,0,premium,0
15436114853961,0,premium,0
15352140595273,0,premium,0
7376691396681,0,premium,0
15352161304649,0,premium,0
15436114460745,0,premium,0
2163235684425,0,premium,0
15352160714825,0,premium,0
6812923592777,0,premium,0
7376672751689,0,premium,0
7376675045449,0,premium,0
15352152064073,0,premium,0
15352151179337,0,premium,0
15352155799625,0,premium,0
15352156029001,0,premium,0
6906606747721,0,premium,0
15352157339721,0,premium,0
15436118196297,0,premium,0
15352157438025,0,premium,0
15436110987337,0,premium,0
6906609401929,0,premium,0
6897903075401,0,premium,0
15352142725193,0,premium,0
7280878485577,0,premium,0
15352161173577,0,premium,0
6973300965449,0,premium,0
15454670225481,0,premium,0
5750227393,0,premium,0
15352162484297,0,premium,0
15352145182793,0,premium,0
4336902307913,0,premium,0
15436123537481,0,premium,0
15352146952265,0,premium,0
15352160288841,0,premium,0
15352159895625,0,premium,0
7376691822665,0,premium,0
15436131860553,0,premium,0
7054938210377,0,premium,0
7262497964105,0,premium,0
15436128976969,0,premium,0
6619298758729,0,premium,0
7376689758281,0,premium,0
15436110463049,0,premium,0
15436111937609,0,premium,0
7376669835337,0,premium,0
15436107481161,0,premium,0
7376680910921,0,premium,0
7376694870089,0,premium,0
15436120424521,0,premium,0
15436108529737,0,premium,0
6812930801737,0,premium,0
4374466756681,2,budget,0
6892010537033,0,premium,0
15352141414473,0,premium,0
7376681959497,0,premium,0
15352138563657,0,premium,0
15352150884425,0,premium,0
15436108300361,0,premium,0
15436113379401,0,premium,0
15352157470793,0,premium,0
15436113215561,0,premium,0
7262501306441,0,premium,0
15436111052873,0,premium,0
15352143282249,0,premium,0
15352143675465,0,premium,0
4374478192713,0,premium,0
7376681369673,0,premium,0
7376662954057,0,premium,0
15352159830089,0,premium,0
15436113772617,0,premium,0
15436118458441,0,premium,0
6620493840457,0,premium,0
15352138530889,0,premium,0
7376693657673,0,premium,0
6906609598537,0,premium,0
15352141086793,0,premium,0
15436117540937,0,premium,0
15352164548681,0,premium,0
15436120293449,0,premium,0
15352160976969,0,premium,0
15408674996297,0,premium,0
15352150687817,0,premium,0
6812930474057,0,premium,0
7376666296393,0,premium,0
6906600685641,0,premium,0
15454669406281,0,premium,0
6906608353353,0,premium,0
6619294826569,0,premium,0
15417297076297,0,premium,0
15436126978121,0,premium,0
7376665083977,0,premium,0
15352148557897,0,premium,0
15436120981577,0,premium,0
15352160354377,0,premium,0
15436108431433,0,premium,0
15436131434569,0,premium,0
15436107382857,0,premium,0
7376674979913,0,premium,0
15436112953417,0,premium,0
15352162418761,0,premium,0
15352137744457,0,premium,0
15352144068681,0,premium,0
15436131565641,0,premium,0
15436116230217,0,premium,0
7359634210889,0,premium,0
15352160419913,0,premium,0
15436129402953,0,premium,0
7376675799113,0,premium,0
15352162811977,0,premium,0
7376695296073,0,premium,0
7262497505353,0,premium,0
6649680658505,1,mid_range,0
15436107448393,0,premium,0
15352162943049,0,premium,0
15352143642697,0,premium,0
15352149311561,0,premium,0
15436110233673,0,premium,0
15352150851657,0,premium,0
15408675520585,0,premium,0
15352146624585,0,premium,0
15417296945225,0,premium,0
15436113346633,0,premium,0
15436114362441,0,premium,0
7376692543561,0,premium,0
7311985967177,0,premium,0
15436126847049,0,premium,0
15352160059465,0,premium,0
7376681107529,0,premium,0
15352152621129,0,premium,0
4374465249353,2,budget,0
7359632670793,0,premium,0
6583072718921,0,premium,0
15352146985033,0,premium,0
15436118392905,0,premium,0
7376667770953,0,premium,0
7376695099465,0,premium,0
15352146427977,0,premium,0
6906865090633,0,premium,0
15352160649289,0,premium,0
6812908421193,0,premium,0
15352164155465,0,premium,0
15436112691273,0,premium,0
15352164581449,0,premium,0
15417297371209,0,premium,0
7376687792201,0,premium,0
15436122980425,0,premium,0
15352161435721,0,premium,0
6986189111369,0,premium,0
15408675225673,0,premium,0
15352156160073,0,premium,0
6906262847561,0,premium,0
7284090503241,0,premium,0
6906860437577,0,premium,0
15436112330825,0,premium,0
15436119048265,0,premium,0
15408675291209,0,premium,0
7376673701961,0,premium,0
15352138137673,0,premium,0
15408675258441,0,premium,0
7334268076105,0,premium,0
15436114624585,0,premium,0
4566854598729,0,premium,0
15352160616521,0,premium,0
7376695033929,0,premium,0
6812912713801,0,premium,0
15352159993929,0,premium,0
6565896126537,0,premium,0
15436126879817,0,premium,0
15436130418761,0,premium,0
15352156880969,0,premium,0
7376676421705,0,premium,0
15352158486601,0,premium,0
7376665739337,0,premium,0
15352160550985,0,premium,0
15352155635785,0,premium,0
15436112134217,0,premium,0
15352157208649,0,premium,0
6897897537609,0,premium,0
7173985894473,0,premium,0
7376679206985,0,premium,0
7376662986825,0,premium,0
15436112429129,0,premium,0
7359635095625,0,premium,0
7262497898569,0,premium,0
15352159797321,0,premium,0
6565902319689,0,premium,0
15352163467337,0,premium,0
15352152850505,0,premium,0
15352141742153,0,premium,0
15436132417609,0,premium,0
6906860470345,0,premium,0
15436119834697,0,premium,0
15454670028873,0,premium,0
1296286974025,0,premium,0
15436111609929,0,premium,0
15436125110345,0,premium,0
15352141316169,0,premium,0
15421950492745,0,premium,0
15352145608777,0,premium,0
7376681893961,0,premium,0
15352160682057,0,premium,0
7376661119049,0,premium,0
15388747661385,0,premium,0
15436130779209,0,premium,0
4374465183817,2,budget,0
15352157765705,0,premium,0
15436130910281,0,premium,0
15352163663945,0,premium,0
15436120031305,0,premium,0
15436125012041,0,premium,0
4374465282121,0,premium,0
15352153800777,0,premium,0
7376687464521,0,premium,0
15436115476553,0,premium,0
7376678912073,0,premium,0
7205190991952,0,premium,0
7351256580176,0,premium,0
7030677766224,0,premium,0
7234401402960,0,premium,0
6997513273424,0,premium,0
7085936836688,0,premium,0
7134997119056,1,mid_range,0
7205202919504,0,premium,0
7205192794192,0,premium,0
7193764233296,0,premium,0
7337068626000,0,premium,0
4873016082512,0,premium,0
7009927430224,0,premium,0
7138031272016,0,premium,0
7188364427344,0,premium,0
7205192400976,0,premium,0
7131041693776,0,premium,0
7199652446288,0,premium,0
7142383681616,1,mid_range,0
7218356617296,0,premium,0
7199618072656,0,premium,0
6962252972112,0,premium,0
7199654838352,0,premium,0
7199677841488,0,premium,0
6930103533648,0,premium,0
7089017978960,0,premium,0
6995485360208,0,premium,0
4808556773456,1,mid_range,0
7131007123536,0,premium,0
7205188403280,0,premium,0
7030680584272,0,premium,0
7199674728528,0,premium,0
7113646637136,0,premium,0
7199669452880,0,premium,0
7134998593616,1,mid_range,0
6859428757584,1,mid_range,0
7234395111504,0,premium,0
7221392179280,0,premium,0
7039489146960,0,premium,0
7205199347792,0,premium,0
7113654108240,0,premium,0
6858888216656,0,premium,0
7193764560976,0,premium,0
7144672559184,1,mid_range,0
7199683346512,0,premium,0
7289649299536,0,premium,0
7258385809488,0,premium,0
6858889625680,0,premium,0
7199641305168,0,premium,0
7082688479312,0,premium,0
7199651659856,0,premium,0
7091609698384,0,premium,0
7205197742160,0,premium,0
7134998134864,1,mid_range,0
7188363706448,0,premium,0
7114065379408,0,premium,0
7199635013712,0,premium,0
7194715521104,0,premium,0
7009725513808,0,premium,0
7199700189264,0,premium,0
7131054309456,0,premium,0
7091679199312,0,premium,0
7205180342352,0,premium,0
7205205147728,0,premium,0
6858169450576,0,premium,0
7199630557264,0,premium,0
7289264406608,0,premium,0
7188364361808,0,premium,0
7188363673680,0,premium,0
7205190238288,0,premium,0
6927141797968,0,premium,0
7221401616464,0,premium,0
7204718084176,0,premium,0
7205191090256,0,premium,0
6826297196624,0,premium,0
6793668558928,0,premium,0
6586108739664,0,premium,0
7058241224784,0,premium,0
7009938309200,0,premium,0
7205172936784,0,premium,0
7134997381200,0,premium,0
7132538929232,0,premium,0
7211522195536,0,premium,0
7091621757008,0,premium,0
7268171350096,0,premium,0
7113646866512,0,premium,0
6885360205904,0,premium,0
7193763151952,0,premium,0
6609457446992,0,premium,0
7134114938960,0,premium,0
7193242992720,0,premium,0
7205190303824,0,premium,0
6743029678160,0,premium,0
7135000428624,1,mid_range,0
7221402665040,0,premium,0
7215631794256,0,premium,0
7193832620112,0,premium,0
7215631106128,0,premium,0
7234400190544,0,premium,0
7205193613392,0,premium,0
7205188206672,0,premium,0
7188363575376,0,premium,0
7206299041872,0,premium,0
4766287495248,0,premium,0
6829231636560,0,premium,0
7205194694736,0,premium,0
6826510057552,0,premium,0
7194715488336,0,premium,0
7234439348304,0,premium,0
7082682450000,0,premium,0
6852245782608,1,mid_range,0
7211501453392,0,premium,0
7091685228624,0,premium,0
6826509729872,0,premium,0
7205165006928,1,mid_range,0
7030675996752,0,premium,0
7132567732304,0,premium,0
7132532047952,0,premium,0
7194715390032,0,premium,0
7082685562960,0,premium,0
7211513184336,0,premium,0
7131008663632,0,premium,0
7193758990416,0,premium,0
4870549536848,0,premium,0
7134998790224,1,mid_range,0
7257963298896,0,premium,0
7234400550992,0,premium,0
7138030452816,0,premium,0
6644022640720,0,premium,0
7199632064592,0,premium,0
7234396913744,0,premium,0
7193759580240,0,premium,0
4870548389968,0,premium,0
6869035745360,0,premium,0
7091689848912,0,premium,0
7199658541136,0,premium,0
7193243779152,0,premium,0
7113657745488,0,premium,0
6903715430480,0,premium,0
4868993646672,0,premium,0
7235843129424,0,premium,0
7228527149136,0,premium,0
7339795021904,0,premium,0
7114022125648,1,mid_range,0
6992448979024,0,premium,0
7205162811472,0,premium,0
1878193471557,0,premium,0
7193759449168,0,premium,0
7234395865168,0,premium,0
7082685333584,0,premium,0
7083306221648,0,premium,0
6643980075088,0,premium,0
7205205311568,0,premium,0
7235056107600,0,premium,0
7235869147216,0,premium,0
6965086945360,0,premium,0
4868995154000,0,premium,0
6758264373328,0,premium,0
7199676956752,0,premium,0
7199707955280,0,premium,0
7146131062864,0,premium,0
7248899965008,0,premium,0
7134997807184,1,mid_range,0
7205194432592,0,premium,0
6881317453904,0,premium,0
7113645883472,0,premium,0
7199654248528,0,premium,0
7193759613008,0,premium,0
7234399174736,0,premium,0
7113654403152,0,premium,0
7199682953296,0,premium,0
6864243425360,1,mid_range,0
3732839694416,0,premium,0
7091620708432,0,premium,0
7351256318032,0,premium,0
7199627509840,0,premium,0
7211519377488,0,premium,0
7091622412368,0,premium,0
6565492883536,0,premium,0
7193763905616,0,premium,0
4373801861264,0,premium,0
7264211009616,0,premium,0
7258182385744,0,premium,0
7193763774544,0,premium,0
6858500603984,0,premium,0
7132537815120,0,premium,0
6863999074384,0,premium,0
6962255593552,0,premium,0
6793656959056,0,premium,0
7205168185424,1,mid_range,0
7211518394448,0,premium,0
7199648743504,0,premium,0
7114065084496,0,premium,0
6881316700240,0,premium,0
7193759645776,0,premium,0
4870550290512,0,premium,0
7132556132432,0,premium,0
6930101174352,0,premium,0
7113653813328,1,mid_range,0
7131046215760,0,premium,0
7193759514704,0,premium,0
7091623067728,0,premium,0
7234392621136,0,premium,0
7113658400848,0,premium,0
7199657820240,0,premium,0
7296344621136,0,premium,0
6697918038096,0,premium,0
7092749860944,0,premium,0
7199676072016,0,premium,0
7215631990864,0,premium,0
7288462803024,1,mid_range,0
7211507384400,0,premium,0
7234402779216,0,premium,0
7257961955408,0,premium,0
7205199315024,0,premium,0
7205198299216,0,premium,0
6848566132816,0,premium,0
7132532932688,0,premium,0
6858169909328,0,premium,0
7132572516432,0,premium,0
4868994039888,0,premium,0
7215610724432,0,premium,0
7132577267792,0,premium,0
7289263620176,0,premium,0
4621546225744,1,mid_range,0
6743030235216,0,premium,0
7234396389456,0,premium,0
7205182373968,0,premium,0
4826210304080,0,premium,0
7205195579472,0,premium,0
7193764298832,0,premium,0
7215383511120,0,premium,0
7212065816656,0,premium,0
7205188239440,0,premium,0
7205195481168,0,premium,0
7205178998864,0,premium,0
6843711389776,0,premium,0
7199679578192,0,premium,0
7205192695888,0,premium,0
7132538568784,0,premium,0
7235717529680,0,premium,0
7235811475536,0,premium,0
7258383941712,0,premium,0
4766292181072,0,premium,0
7194829062224,0,premium,0
7132537487440,0,premium,0
4826188349520,0,premium,0
7091627098192,0,premium,0
7205201248336,0,premium,0
7188363640912,0,premium,0
7091622707280,0,premium,0
6707741982800,0,premium,0
7218355929168,0,premium,0
7248903897168,0,premium,0
7083159093328,0,premium,0
7205204131920,0,premium,0
7205181718608,0,premium,0
6858515120208,0,premium,0
7188364197968,0,premium,0
7235702259792,0,premium,0
7211515019344,0,premium,0
7114065313872,0,premium,0
7228604973136,0,premium,0
7228526723152,1,mid_range,0
7242343186512,1,mid_range,0
7228527018064,0,premium,0
6869041905744,0,premium,0
7242343317584,1,mid_range,0
7132536406096,0,premium,0
7223900471376,0,premium,0
7114022387792,1,mid_range,0
7113659973712,1,mid_range,0
7234397536336,0,premium,0
7009809039440,0,premium,0
7234438004816,0,premium,0
7228617588816,0,premium,0
6889962045520,0,premium,0
7289264177232,0,premium,0
7205176442960,0,premium,0
7199655526480,0,premium,0
6869037744208,0,premium,0
7091632963664,0,premium,0
7199657164880,0,premium,0
7091625590864,0,premium,0
7131052474448,0,premium,0
7234438135888,0,premium,0
7193243811920,0,premium,0
7091620806736,0,premium,0
7082967269456,0,premium,0
7351256088656,0,premium,0
7215384625232,1,mid_range,0
7122445369424,0,premium,0
7205207605328,0,premium,0
6565490786384,0,premium,0
7205163532368,0,premium,0
7234394783824,0,premium,0
7205167988816,1,mid_range,0
7205643255888,0,premium,0
7058240340048,0,premium,0
6885153538128,0,premium,0
7205191516240,0,premium,0
6864068411472,0,premium,0
7199697338448,0,premium,0
7234438627408,0,premium,0
7205165367376,1,mid_range,0
7082969563216,0,premium,0
7289262702672,0,premium,0
7132508160080,0,premium,0
7091629490256,0,premium,0
7199650447440,0,premium,0
7228617359440,0,premium,0
7132553019472,0,premium,0
7193764069456,0,premium,0
7205196726352,0,premium,0
7030681534544,0,premium,0
6645903261776,0,premium,0
7199678791760,0,premium,0
7135000100944,1,mid_range,0
7199624364112,0,premium,0
7132538667088,0,premium,0
7205191417936,0,premium,0
1878276374597,0,premium,0
7113656795216,0,premium,0
7211519836240,0,premium,0
7085935460432,0,premium,0
7211502370896,0,premium,0
7257962610768,0,premium,0
1878275686469,0,premium,0
7205539840080,1,mid_range,0
7199689015376,1,mid_range,0
7199643566160,0,premium,0
7009816019024,0,premium,0
7131035467856,0,premium,0
7248900358224,0,premium,0
6930102878288,0,premium,0
7134997872720,1,mid_range,0
7205154553936,0,premium,0
6950209978448,0,premium,0
7199621120080,0,premium,0
6697945464912,0,premium,0
6869028536400,0,premium,0
6864321642576,1,mid_range,0
7205190795344,0,premium,0
7132549185616,0,premium,0
7211496636496,0,premium,0
6744334499920,0,premium,0
7205212586064,0,premium,0
6848607518800,0,premium,0
7223946543184,0,premium,0
7199656247376,0,premium,0
7188364230736,0,premium,0
6944943374416,0,premium,0
4870547243088,0,premium,0
7211522490448,0,premium,0
7211497881680,0,premium,0
7258388856912,0,premium,0
7205199282256,0,premium,0
7289263947856,0,premium,0
7122442879056,0,premium,0
7091618349136,0,premium,0
7205191712848,0,premium,0
7205199478864,0,premium,0
7082970251344,0,premium,0
7223951327312,0,premium,0
7235700392016,0,premium,0
7199688687696,1,mid_range,0
6864241655888,1,mid_range,0
7058237620304,0,premium,0
4873995255888,0,premium,0
7205165793360,0,premium,0
7205178015824,1,mid_range,0
7132577038416,0,premium,0
4870549733456,0,premium,0
7211514200144,0,premium,0
7205189451856,0,premium,0
7258384367696,0,premium,0
7205192073296,0,premium,0
7234395504720,0,premium,0
7188363608144,0,premium,0
6858889887824,0,premium,0
7205174181968,1,mid_range,0
7215630843984,0,premium,0
7130990674000,0,premium,0
7205182668880,0,premium,0
7194715717712,0,premium,0
7223945232464,0,premium,0
7205167562832,1,mid_range,0
6927141011536,0,premium,0
7199673745488,0,premium,0
7234438922320,0,premium,0
7131058176080,0,premium,0
3732840513616,0,premium,0
6643980468304,0,premium,0
7082969170000,0,premium,0
7205201444944,0,premium,0
6859428724816,1,mid_range,0
7234403467344,0,premium,0
6944943210576,0,premium,0
7083306287184,0,premium,0
7082681008208,0,premium,0
8236342345970,1,mid_range,0
7843563208946,1,mid_range,0
8836186276082,1,mid_range,0
8878892876018,1,mid_range,0
8907434164466,2,budget,0
7854525350130,1,mid_range,0
8670876008690,1,mid_range,0
8907391992050,1,mid_range,0
7843564585202,1,mid_range,0
8726121513202,1,mid_range,0
8743955497202,2,budget,0
8808691695858,2,budget,0
8446794072306,1,mid_range,0
7873539637490,1,mid_range,0
8648768585970,1,mid_range,0
8836186177778,1,mid_range,0
8878870397170,1,mid_range,0
8808770535666,2,budget,0
8808742060274,2,budget,0
8738504311026,1,mid_range,0
7943178846450,1,mid_range,0
8683375984882,2,budget,0
8994192031986,1,mid_range,0
8907946983666,1,mid_range,0
8587851563250,1,mid_range,0
8694435184882,1,mid_range,0
7873518305522,1,mid_range,0
7944990261490,2,budget,0
8886085288178,1,mid_range,0
8989896179954,1,mid_range,0
8738505326834,1,mid_range,0
8080241885426,1,mid_range,0
8694434889970,1,mid_range,0
8791530012914,1,mid_range,0
7884378177778,1,mid_range,0
8401331060978,1,mid_range,0
8839647756530,1,mid_range,0
7843563503858,1,mid_range,0
8096711901426,2,budget,0
8886085648626,1,mid_range,0
7843563700466,1,mid_range,0
8670775443698,1,mid_range,0
8581654970610,1,mid_range,0
8080925130994,1,mid_range,0
8907946197234,1,mid_range,0
8194505539826,1,mid_range,0
8425258385650,1,mid_range,0
8762800734450,1,mid_range,0
8970480287986,1,mid_range,0
7873538326770,1,mid_range,0
8019616170226,1,mid_range,0
8740888117490,1,mid_range,0
7873530953970,1,mid_range,0
8885541765362,1,mid_range,0
7843566878962,1,mid_range,0
8822150627570,1,mid_range,0
8766538875122,1,mid_range,0
8085743730930,1,mid_range,0
8587870765298,1,mid_range,0
8976836722930,1,mid_range,0
7943178879218,1,mid_range,0
8907945738482,1,mid_range,0
8558929838322,2,budget,0
8738505949426,1,mid_range,0
7843566125298,1,mid_range,0
8446804492530,1,mid_range,0
8648767734002,1,mid_range,0
8839641792754,1,mid_range,0
8910437613810,1,mid_range,0
8981560819954,1,mid_range,0
8113424269554,1,mid_range,0
7843567272178,1,mid_range,0
8808779677938,2,budget,0
8871308165362,2,budget,0
7854525481202,1,mid_range,0
7854537474290,1,mid_range,0
8425262416114,1,mid_range,0
8478441865458,1,mid_range,0
8907946623218,1,mid_range,0
8619943166194,2,budget,0
8878887895282,1,mid_range,0
8871298203890,2,budget,0
8080926310642,1,mid_range,0
8564725842162,1,mid_range,0
8703046975730,2,budget,0
8907434721522,2,budget,0
8587882954994,1,mid_range,0
8750507000050,2,budget,0
8878890287346,1,mid_range,0
8843622940914,1,mid_range,0
8950475587826,1,mid_range,0
8885537636594,1,mid_range,0
7918756069618,1,mid_range,0
8743955464434,2,budget,0
8736767181042,1,mid_range,0
7843567206642,1,mid_range,0
8907945378034,1,mid_range,0
8292192289010,1,mid_range,0
8929327972594,1,mid_range,0
8446699536626,1,mid_range,0
7907633135858,1,mid_range,0
8808880144626,2,budget,0
8401333027058,1,mid_range,0
8147148931314,1,mid_range,0
8808899674354,2,budget,0
8878889599218,1,mid_range,0
8839647133938,1,mid_range,0
8907391402226,1,mid_range,0
8085743829234,1,mid_range,0
8740880744690,1,mid_range,0
8111661121778,1,mid_range,0
7843566190834,1,mid_range,0
7917853147378,1,mid_range,0
8554664198386,1,mid_range,0
8593748623602,1,mid_range,0
8080243589362,1,mid_range,0
8018864505074,1,mid_range,0
8195309371634,1,mid_range,0
8425261433074,1,mid_range,0
8738504737010,1,mid_range,0
8878871970034,1,mid_range,0
7843567796466,1,mid_range,0
8976839966962,1,mid_range,0
8711726465266,1,mid_range,0
8878867644658,1,mid_range,0
7843563569394,1,mid_range,0
8090743832818,1,mid_range,0
8670870339826,1,mid_range,0
7843563962610,1,mid_range,0
7843562586354,1,mid_range,0
8818049712370,1,mid_range,0
8878868529394,1,mid_range,0
7843566256370,1,mid_range,0
8808880177394,2,budget,0
7843565109490,1,mid_range,0
8808533491954,1,mid_range,0
8818047713522,0,premium,0
8836118085874,1,mid_range,0
8878866202866,1,mid_range,0
8085743337714,2,budget,0
8818047746290,0,premium,0
7873521811698,1,mid_range,0
8929383579890,1,mid_range,0
7922666340594,1,mid_range,0
8885544976626,1,mid_range,0
8783757934834,1,mid_range,0
7911998161138,2,budget,0
8446729027826,2,budget,0
8818047779058,0,premium,0
8878857617650,1,mid_range,0
8331321344242,1,mid_range,0
8296136802546,1,mid_range,0
7854536982770,1,mid_range,0
7843564552434,1,mid_range,0
7843567042802,1,mid_range,0
8637731012850,2,budget,0
8885513322738,1,mid_range,0
8080244211954,1,mid_range,0
7861650129138,1,mid_range,0
8885539799282,1,mid_range,0
7884390891762,1,mid_range,0
8618862608626,1,mid_range,0
8953233211634,1,mid_range,0
8907432820978,2,budget,0
8762800472306,1,mid_range,0
8885543305458,1,mid_range,0
7843566649586,0,premium,0
8910261813490,2,budget,0
8085743665394,2,budget,0
8471391240434,1,mid_range,0
8808534343922,1,mid_range,0
8885560836338,1,mid_range,0
9004655902962,2,budget,0
8558929903858,2,budget,0
8019602112754,1,mid_range,0
8593747869938,1,mid_range,0
7843563372786,1,mid_range,0
8885547335922,1,mid_range,0
8501407645938,2,budget,0
8665083347186,2,budget,0
8990756077810,1,mid_range,0
8907430985970,2,budget,0
7843567173874,1,mid_range,0
8808534802674,1,mid_range,0
8585766404338,2,budget,0
8886508519666,1,mid_range,0
8570640859378,2,budget,0
8843376689394,1,mid_range,0
8446785159410,1,mid_range,0
8111668920562,1,mid_range,0
7882520035570,0,premium,0
8885543665906,1,mid_range,0
8581653397746,1,mid_range,0
8808929296626,1,mid_range,0
8019602079986,1,mid_range,0
8018857132274,1,mid_range,0
8861534159090,1,mid_range,0
8885545894130,1,mid_range,0
8853814280434,1,mid_range,0
8808540635378,1,mid_range,0
9016569233650,1,mid_range,0
8510797840626,1,mid_range,0
8808543715570,2,budget,0
8371480428786,1,mid_range,0
7944990195954,2,budget,0
8885515288818,1,mid_range,0
8103558971634,1,mid_range,0
8843603378418,1,mid_range,0
8878864564466,1,mid_range,0
8839643267314,1,mid_range,0
7882521968882,0,premium,0
7843565306098,1,mid_range,0
8934230950130,2,budget,0
8878891860210,1,mid_range,0
8554647355634,1,mid_range,0
8878871183602,1,mid_range,0
7944990327026,1,mid_range,0
8561521262834,1,mid_range,0
8092240347378,1,mid_range,0
7843562062066,1,mid_range,0
8096711835890,0,premium,0
8878855815410,1,mid_range,0
8808541290738,1,mid_range,0
8670874796274,1,mid_range,0
8096711868658,0,premium,0
7843565175026,1,mid_range,0
8885538717938,1,mid_range,0
8670775509234,1,mid_range,0
7843568845042,2,budget,0
7843567698162,1,mid_range,0
7843563536626,0,premium,0
8056680317170,2,budget,0
8878889042162,1,mid_range,0
8947554746610,1,mid_range,0
7843568189682,2,budget,0
8808533786866,1,mid_range,0
7938422112498,1,mid_range,0
7873537048818,1,mid_range,0
7843567862002,1,mid_range,0
8808891318514,2,budget,0
7843563798770,1,mid_range,0
7912735932658,1,mid_range,0
8910261354738,2,budget,0
8539533902066,0,premium,0
6841221513304,0,premium,0
8546716188760,1,mid_range,0
2103772840024,2,budget,0
8447177228376,1,mid_range,0
8285903049,0,premium,0
7298769748056,1,mid_range,0
8130531590232,0,premium,0
8124831531096,0,premium,0
4881686036568,2,budget,0
8231812857944,2,budget,0
8132766269528,2,budget,0
1930120724568,2,budget,0
8412374401112,1,mid_range,0
4640439959640,1,mid_range,0
7485986537560,1,mid_range,0
9381681289,0,premium,0
6912116588632,0,premium,0
8164367073368,0,premium,0
8124028977240,1,mid_range,0
7190268280920,2,budget,0
8374806413400,1,mid_range,0
4852959707224,1,mid_range,0
6841160335448,0,premium,0
8011962744920,0,premium,0
8044141543512,1,mid_range,0
8130531229784,0,premium,0
8231811285080,2,budget,0
8285324489,0,premium,0
4428788072536,1,mid_range,0
6709379694680,0,premium,0
7349338144856,0,premium,0
79486091273,0,premium,0
8093403349080,2,budget,0
4928032342104,0,premium,0
8699869954136,1,mid_range,0
8499460440152,0,premium,0
7407453864024,1,mid_range,0
7526109347928,2,budget,0
7353257820248,1,mid_range,0
8546739486808,0,premium,0
1564891086936,1,mid_range,0
7407434793048,0,premium,0
8699868119128,0,premium,0
7486000136280,1,mid_range,0
9601078217,0,premium,0
8495660105816,1,mid_range,0
7422828970072,2,budget,0
8374791438424,1,mid_range,0
8164368941144,0,premium,0
4853038448728,1,mid_range,0
4853065089112,1,mid_range,0
4464985997400,2,budget,0
9389882761,2,budget,0
8231688329,0,premium,0
7361066991704,1,mid_range,0
7361824325720,1,mid_range,0
4437101805656,2,budget,0
7352710234200,1,mid_range,0
7485999022168,2,budget,0
4731499446360,2,budget,0
8447179259992,0,premium,0
7374093418584,1,mid_range,0
4852981203032,1,mid_range,0
8131441688664,0,premium,0
6818180038744,0,premium,0
8546620342360,1,mid_range,0
113488232457,0,premium,0
8285871305,0,premium,0
6818190196824,1,mid_range,0
10464027849,0,premium,0
8405563834456,2,budget,0
7361824129112,1,mid_range,0
8405565341784,1,mid_range,0
7344673259608,2,budget,0
4763139735640,2,budget,0
4907575083096,2,budget,0
8359214121048,2,budget,0
8132698570840,2,budget,0
4566502080600,2,budget,0
8243961364568,0,premium,0
6884195369048,0,premium,0
8374788391000,1,mid_range,0
8701385769048,1,mid_range,0
4250147684440,1,mid_range,0
4881683742808,1,mid_range,0
6607849095256,2,budget,0
8378405814360,1,mid_range,0
8124836118616,1,mid_range,0
8231802798168,2,budget,0
4907565383768,2,budget,0
8546727723096,1,mid_range,0
7948027592792,1,mid_range,0
7256107515992,1,mid_range,0
3966465015896,1,mid_range,0
8359385694296,2,budget,0
8246406665,1,mid_range,0
6630202343512,0,premium,0
4189314777176,1,mid_range,0
7116462555224,1,mid_range,0
7309118505048,0,premium,0
6668863471704,2,budget,0
7360815464536,1,mid_range,0
7052264931416,2,budget,0
4751519318104,1,mid_range,0
8132651581528,1,mid_range,0
9367349769,0,premium,0
7523644571736,0,premium,0
6708209156184,2,budget,0
4829667557464,1,mid_range,0
10403078921,0,premium,0
1987963060312,1,mid_range,0
7351628890200,1,mid_range,0
8286158729,0,premium,0
7326669307992,2,budget,0
8320702939224,1,mid_range,0
6912136839256,2,budget,0
6823861616728,0,premium,0
4437069332568,2,budget,0
8244794633,2,budget,0
7779030958168,2,budget,0
8678656409688,1,mid_range,0
7407441805400,0,premium,0
9471481545,1,mid_range,0
219822096393,1,mid_range,0
1927332364376,0,premium,0
7014634913880,1,mid_range,0
8542774034520,1,mid_range,0
7485992108120,2,budget,0
8374783508568,1,mid_range,0
8285391369,1,mid_range,0
6912145195096,2,budget,0
4751549792344,1,mid_range,0
219806859273,0,premium,0
7052558958680,1,mid_range,0
6606001930328,1,mid_range,0
7361249575000,0,premium,0
33,1,mid_range,0
99,0,premium,0
42,1,mid_range,0
80,1,mid_range,0
95,0,premium,1
30,1,mid_range,0
14,1,mid_range,0
73,1,mid_range,0
90,0,premium,0
65,1,mid_range,0
91,0,premium,0
88,0,premium,0
34,1,mid_range,0
35,1,mid_range,0
20,1,mid_range,0
11,1,mid_range,1
39,1,mid_range,0
66,1,mid_range,0
45,1,mid_range,0
62,1,mid_range,0
92,0,premium,0
3,1,mid_range,0
22,1,mid_range,0
51,1,mid_range,0
75,1,mid_range,0
54,1,mid_range,0
49,1,mid_range,0
44,1,mid_range,0
17,1,mid_range,0
6,1,mid_range,0
4,1,mid_range,0
70,1,mid_range,0
5,1,mid_range,0
7,1,mid_range,0
36,1,mid_range,0
37,1,mid_range,0
100,0,premium,0
16,1,mid_range,0
77,1,mid_range,0
93,0,premium,0
56,1,mid_range,0
21,1,mid_range,0
52,1,mid_range,0
74,1,mid_range,0
27,1,mid_range,0
79,0,premium,1
9,1,mid_range,0
59,1,mid_range,0
12,1,mid_range,1
50,1,mid_range,0
61,1,mid_range,0
94,0,premium,1
89,0,premium,0
29,1,mid_range,0
8,1,mid_range,0
24,1,mid_range,0
53,1,mid_range,0
26,1,mid_range,0
97,0,premium,1
69,1,mid_range,0
78,0,premium,1
15,1,mid_range,0
83,0,premium,0
47,1,mid_range,0
31,1,mid_range,0
85,0,premium,0
72,1,mid_range,0
28,1,mid_range,0
48,1,mid_range,0
64,1,mid_range,0
43,1,mid_range,0
71,1,mid_range,0
25,1,mid_range,0
84,0,premium,0
19,1,mid_range,0
60,1,mid_range,0
38,1,mid_range,0
63,1,mid_range,0
58,1,mid_range,0
55,1,mid_range,0
18,1,mid_range,0
40,1,mid_range,0
46,1,mid_range,0
57,1,mid_range,0
76,1,mid_range,0
2,1,mid_range,0
13,1,mid_range,0
86,0,premium,0
81,1,mid_range,0
68,1,mid_range,0
10,1,mid_range,0
82,1,mid_range,1
41,1,mid_range,0
98,0,premium,1
87,0,premium,0
67,1,mid_range,0
96,0,premium,1
1,1,mid_range,0
32,1,mid_range,0
23,1,mid_range,0
3,0,premium,0
12,1,mid_range,0
5,1,mid_range,0
11,1,mid_range,0
17,2,budget,0
2,0,premium,0
18,2,budget,0
19,2,budget,0
10,1,mid_range,0
7,1,mid_range,0
16,2,budget,0
1,0,premium,0
9,1,mid_range,0
20,2,budget,0
13,1,mid_range,0
4,0,premium,0
6,1,mid_range,0
15,2,budget,0
14,1,mid_range,0
8,1,mid_range,0
