price,discount_pct,stock_qty,days_since_publish,category_enc,brand_enc,source_store_enc,shop_country_enc,in_stock,is_on_promo
40.0,0.0,0,228,120,34,7,1,0,0
45.0,0.0,121,40,120,34,7,1,1,0
35.2,20.0,147,149,137,25,5,1,1,1
125.99,30.0,7,1565,100,37,8,2,1,1
60.0,0.0,24,180,120,34,7,1,1,0
30.8,30.0,0,321,147,25,5,1,0,1
34.95,0.0,38,10,104,6,1,0,1,0
95.0,0.0,55,47,114,1,0,2,1,0
47.0,0.0,0,25,75,12,2,2,0,0
100.0,0.0,101,250,114,1,0,2,1,0
50.0,0.0,136,77,120,34,7,1,1,0
64.0,50.0,0,1341,12,38,9,2,0,1
150.0,0.0,3,176,114,1,0,2,1,0
74.0,50.0,0,443,55,38,9,2,0,1
58.0,14.7,0,1222,55,38,9,2,0,1
34.0,0.0,0,23,141,25,5,1,0,0
56.0,0.0,0,149,79,25,5,1,0,0
6.0,0.0,83,1164,3,42,6,2,1,0
115.0,0.0,21,138,114,1,0,2,1,0
48.0,29.4,0,1880,55,38,9,2,0,1
64.0,0.0,4,207,120,34,7,1,1,0
58.0,0.0,168,5,120,34,7,1,1,0
100.0,0.0,37,229,114,1,0,2,1,0
55.0,30.8,0,29,75,12,2,2,0,1
90.0,0.0,39,47,114,1,0,2,1,0
60.0,0.0,0,321,146,25,5,1,0,0
59.5,0.0,278,193,75,13,2,2,1,0
54.95,0.0,133,5,104,6,1,0,1,0
41.99,30.0,85,982,100,37,8,2,1,1
65.0,0.0,86,194,111,43,6,2,1,0
28.8,20.0,314,110,85,25,5,1,1,1
55.0,0.0,131,180,120,34,7,1,1,0
90.0,0.0,67,417,7,1,0,2,1,0
68.0,0.0,86,160,120,34,7,1,1,0
48.0,20.0,0,321,139,25,5,1,0,1
64.0,50.0,0,1013,156,38,9,2,0,1
91.0,30.0,151,215,114,1,0,2,1,1
22.0,0.0,121,194,111,42,6,2,1,0
38.0,0.0,65,23,148,25,5,1,1,0
42.0,0.0,203,321,135,25,5,1,1,0
55.0,0.0,55,77,120,34,7,1,1,0
58.8,40.0,0,353,55,38,9,2,0,1
38.0,0.0,0,1880,2,38,9,2,0,0
51.0,20.9,29,194,75,13,2,2,1,1
34.99,19.5,82,365,91,14,3,3,1,1
52.0,0.0,29,34,120,34,7,1,1,0
84.95,0.0,82,10,104,6,1,0,1,0
64.5,0.0,161,25,75,13,2,2,1,0
239.4,10.0,74,663,16,42,6,2,1,1
54.95,0.0,39,5,104,6,1,0,1,0
46.0,0.0,18,215,120,34,7,1,1,0
64.0,0.0,67,173,120,34,7,1,1,0
36.0,10.0,0,321,85,25,5,1,0,1
218.0,0.0,0,1865,102,38,9,2,0,0
22.0,0.0,54,1200,10,42,6,2,1,0
21.0,30.0,0,321,155,25,5,1,0,1
37.2,40.0,0,260,120,34,7,1,0,1
218.0,0.0,0,424,102,38,9,2,0,0
68.0,20.0,267,149,82,25,5,1,1,1
44.0,0.0,12,103,120,34,7,1,1,0
29.99,6.5,40,365,54,46,3,3,1,1
18.0,0.0,21,75,118,1,0,2,1,0
12.99,10.4,94,365,54,46,3,3,1,1
24.0,50.0,0,260,120,34,7,1,0,1
69.0,0.0,70,10,48,6,1,0,1,0
26.0,0.0,203,51,151,25,5,1,1,0
50.0,0.0,93,145,120,34,7,1,1,0
54.0,0.0,37,34,120,34,7,1,1,0
45.0,0.0,132,173,120,34,7,1,1,0
44.0,0.0,173,51,147,25,5,1,1,0
40.0,49.7,162,51,75,12,2,2,1,1
24.95,0.0,260,10,6,6,1,0,1,0
68.0,0.0,0,145,120,34,7,1,0,0
44.0,0.0,32,52,152,25,5,1,1,0
69.99,0.0,150,1180,51,37,8,2,1,0
39.0,50.9,101,823,75,12,2,2,1,1
15.6,40.0,0,200,120,34,7,1,0,1
27.0,10.0,0,321,152,25,5,1,0,1
24.99,0.0,77,2187,19,37,8,2,1,0
32.0,20.0,86,321,147,25,5,1,1,1
104.99,30.0,13,1388,26,37,8,2,1,1
32.0,20.0,59,321,151,25,5,1,1,1
29.99,14.9,77,365,46,46,3,3,1,1
44.8,20.0,0,321,80,25,5,1,0,1
35.0,0.0,188,58,7,1,0,2,1,0
54.95,0.0,48,5,104,6,1,0,1,0
52.0,0.0,51,103,120,34,7,1,1,0
28.0,0.0,0,58,148,25,5,1,0,0
29.4,30.0,0,123,8,25,5,1,0,1
69.5,0.0,251,232,75,13,2,2,1,0
49.0,30.0,0,768,55,38,9,2,0,1
100.0,0.0,65,250,114,1,0,2,1,0
69.99,30.0,117,1200,21,37,8,2,1,1
42.0,0.0,64,59,120,34,7,1,1,0
76.8,40.0,0,277,156,38,9,2,0,1
44.0,0.0,0,23,84,25,5,1,0,0
54.95,0.0,64,5,104,6,1,0,1,0
55.0,20.3,89,10,48,6,1,0,1,1
69.5,0.0,64,232,75,13,2,2,1,0
63.0,10.0,0,321,139,25,5,1,0,1
73.0,33.6,45,383,114,1,0,2,1,1
49.95,0.0,96,10,104,6,1,0,1,0
56.0,0.0,76,244,120,34,7,1,1,0
67.5,10.0,99,572,16,45,6,2,1,1
54.95,0.0,59,5,104,6,1,0,1,0
44.0,0.0,172,321,151,25,5,1,1,0
62.0,0.0,138,228,120,34,7,1,1,0
40.0,0.0,50,77,120,34,7,1,1,0
40.0,0.0,0,321,141,25,5,1,0,0
35.0,41.2,22,267,75,13,2,2,1,1
38.4,20.0,0,321,140,25,5,1,0,1
2.49,15.3,99,365,44,46,3,3,1,1
29.99,0.0,139,258,17,37,8,2,1,0
44.0,0.0,83,23,147,25,5,1,1,0
30.4,20.0,125,321,151,25,5,1,1,1
42.0,0.0,20,321,79,25,5,1,1,0
40.0,0.0,162,51,80,25,5,1,1,0
30.8,30.0,219,110,142,25,5,1,1,1
229.5,10.0,53,122,16,42,6,2,1,1
30.0,0.0,0,321,148,25,5,1,0,0
148.0,0.0,10,271,12,38,9,2,1,0
88.8,40.0,0,440,156,38,9,2,0,1
35.1,10.0,67,600,16,42,6,2,1,1
49.95,0.0,100,10,104,6,1,0,1,0
10.0,50.0,146,25,75,12,2,2,1,1
39.5,0.0,129,88,75,13,2,2,1,0
40.0,0.0,0,51,120,34,7,1,0,0
19.99,0.0,183,1264,17,37,8,2,1,0
28.0,0.0,256,180,96,43,6,2,1,0
40.0,49.7,0,28,75,12,2,2,0,1
64.0,50.0,0,1110,12,38,9,2,0,1
10.0,66.1,178,164,75,12,2,2,1,1
49.95,0.0,42,10,104,6,1,0,1,0
59.5,14.4,20,130,75,12,2,2,1,1
65.0,27.4,210,408,75,12,2,2,1,1
150.0,0.0,0,473,2,38,9,2,0,0
48.0,0.0,24,160,120,34,7,1,1,0
50.0,0.0,89,47,114,1,0,2,1,0
34.95,0.0,49,10,104,6,1,0,1,0
65.0,0.0,116,145,120,34,7,1,1,0
13.5,66.2,0,260,120,34,7,1,0,1
108.0,21.7,5,1625,55,38,9,2,1,1
75.0,40.0,0,624,156,38,9,2,0,1
59.0,50.0,0,1415,12,38,9,2,0,1
548.0,0.0,6,113,55,38,9,2,1,0
68.0,0.0,0,144,82,25,5,1,0,0
40.0,0.0,0,51,85,25,5,1,0,0
54.0,0.0,56,207,120,34,7,1,1,0
32.0,20.0,79,79,85,25,5,1,1,1
144.0,10.0,3,8,16,42,6,2,1,1
36.0,0.0,94,321,84,25,5,1,1,0
133.2,10.0,77,108,16,42,6,2,1,1
62.0,0.0,179,26,120,34,7,1,1,0
38.5,30.0,0,1114,55,38,9,2,0,1
44.0,0.0,0,321,152,25,5,1,0,0
22.5,0.0,0,1777,2,38,9,2,0,0
89.5,0.0,215,232,75,13,2,2,1,0
47.95,30.5,89,10,48,6,1,0,1,1
54.95,0.0,64,5,104,6,1,0,1,0
100.0,0.0,62,2333,114,1,0,2,1,0
35.2,20.0,0,149,144,25,5,1,0,1
38.0,0.0,56,51,148,25,5,1,1,0
109.0,0.0,36,365,28,46,4,3,1,0
100.0,20.0,0,1878,156,38,9,2,0,1
7.5,50.0,0,213,120,34,7,1,0,1
105.0,0.0,27,30,114,1,0,2,1,0
32.0,0.0,128,51,85,25,5,1,1,0
54.95,0.0,100,10,104,6,1,0,1,0
50.0,0.0,148,321,146,25,5,1,1,0
89.0,25.8,28,10,114,1,0,2,1,1
54.0,0.0,135,34,120,34,7,1,1,0
63.0,20.8,187,267,75,13,2,2,1,1
22.0,0.0,78,214,15,42,6,2,1,0
70.8,40.0,0,1306,55,38,9,2,0,1
28.0,30.0,0,321,147,25,5,1,0,1
70.0,0.0,33,23,83,25,5,1,1,0
91.0,30.0,72,215,114,1,0,2,1,1
20.0,55.1,19,584,75,12,2,2,1,1
22.4,60.0,0,321,144,25,5,1,0,1
49.95,0.0,30,10,104,6,1,0,1,0
40.0,20.0,255,107,85,25,5,1,1,1
9.0,70.0,0,260,120,34,7,1,0,1
94.0,50.0,0,855,12,38,9,2,0,1
9.0,50.0,0,321,138,25,5,1,0,1
55.0,20.9,17,267,75,13,2,2,1,1
62.0,0.0,0,185,120,34,7,1,0,0
91.0,30.0,159,173,114,1,0,2,1,1
9.99,0.0,142,365,50,46,4,3,1,0
12.99,8.0,14,365,54,46,3,3,1,1
26.0,0.0,245,154,33,42,6,2,1,0
56.0,0.0,0,23,148,25,5,1,0,0
69.0,0.0,95,10,48,6,1,0,1,0
77.0,30.0,87,60,114,1,0,2,1,1
38.0,0.0,76,77,120,34,7,1,1,0
69.5,0.0,25,232,75,13,2,2,1,0
82.8,40.0,0,688,55,38,9,2,0,1
55.0,0.0,34,1079,55,38,9,2,1,0
11.9,80.2,0,260,120,34,7,1,0,1
7.99,2.8,37,365,54,46,3,3,1,1
35.2,20.0,0,68,144,25,5,1,0,1
140.0,0.0,44,47,114,1,0,2,1,0
85.2,40.0,0,156,156,38,9,2,0,1
25.0,0.0,537,899,111,42,6,2,1,0
118.4,20.0,0,1751,156,38,9,2,0,1
68.0,0.0,88,200,120,34,7,1,1,0
30.0,40.0,0,716,55,38,9,2,0,1
55.0,0.0,17,943,55,38,9,2,1,0
59.99,10.4,47,365,46,46,3,3,1,1
38.0,0.0,34,51,151,25,5,1,1,0
46.8,40.0,0,388,2,38,9,2,0,1
32.0,20.0,101,321,83,25,5,1,1,1
64.0,20.0,16,110,140,25,5,1,1,1
26.0,0.0,137,321,84,25,5,1,1,0
49.95,0.0,79,10,104,6,1,0,1,0
32.0,0.0,101,1138,66,42,6,2,1,0
50.0,0.0,20,47,114,1,0,2,1,0
199.99,0.0,36,1172,100,37,8,2,1,0
27.2,20.0,0,321,152,25,5,1,0,1
68.0,0.0,210,228,120,34,7,1,1,0
49.95,0.0,29,10,104,6,1,0,1,0
34.95,0.0,59,10,104,6,1,0,1,0
74.0,0.0,0,321,140,25,5,1,0,0
99.0,29.3,62,17,114,1,0,2,1,1
68.0,0.0,37,137,120,34,7,1,1,0
124.8,40.0,27,145,102,38,9,2,1,1
64.0,50.0,0,1612,12,38,9,2,0,1
26.6,30.0,167,135,83,25,5,1,1,1
48.0,0.0,112,160,120,34,7,1,1,0
50.0,0.0,140,51,80,25,5,1,1,0
38.0,0.0,44,321,85,25,5,1,1,0
49.95,0.0,229,10,104,6,1,0,1,0
62.0,0.0,101,51,120,34,7,1,1,0
38.0,0.0,108,27,85,25,5,1,1,0
29.0,0.0,235,60,39,43,6,2,1,0
40.0,0.0,240,51,83,25,5,1,1,0
45.0,0.0,81,51,120,34,7,1,1,0
22.0,0.0,82,214,15,42,6,2,1,0
54.95,0.0,30,5,104,6,1,0,1,0
21.5,64.2,0,260,120,34,7,1,0,1
62.99,30.0,0,3432,100,37,8,2,0,1
132.0,0.0,65,173,156,38,9,2,1,0
52.0,0.0,0,23,120,34,7,1,0,0
30.0,0.0,56,487,2,38,9,2,1,0
67.5,50.0,0,1341,156,38,9,2,0,1
29.99,0.0,214,1438,17,37,8,2,1,0
69.5,0.0,97,1556,123,12,2,2,1,0
1.99,17.4,53,365,44,46,3,3,1,1
90.0,0.0,71,47,114,1,0,2,1,0
50.0,0.0,0,1084,55,38,9,2,0,0
95.0,0.0,64,67,114,1,0,2,1,0
69.5,0.0,39,802,75,12,2,2,1,0
5.99,15.6,75,365,54,46,3,3,1,1
89.5,0.0,65,232,75,13,2,2,1,0
22.4,20.0,0,321,148,25,5,1,0,1
30.4,20.0,182,321,83,25,5,1,1,1
52.8,40.0,0,394,12,38,9,2,0,1
18.0,64.0,0,260,120,34,7,1,0,1
54.95,0.0,187,10,104,6,1,0,1,0
64.5,0.0,220,72,75,13,2,2,1,0
25.0,0.0,0,269,83,25,5,1,0,0
15.0,40.0,118,10,7,1,0,2,1,1
65.0,0.0,34,59,120,34,7,1,1,0
79.5,0.0,24,448,75,12,2,2,1,0
44.99,0.0,0,1858,108,37,8,2,0,0
52.2,10.0,75,321,147,25,5,1,1,1
69.5,0.0,13,44,75,13,2,2,1,0
46.0,50.0,0,1612,12,38,9,2,0,1
64.5,0.0,99,1292,75,12,2,2,1,0
24.95,0.0,126,10,6,6,1,0,1,0
24.0,0.0,0,321,137,25,5,1,0,0
19.0,0.0,70,534,61,42,6,2,1,0
44.0,0.0,48,27,81,25,5,1,1,0
65.0,27.4,0,424,75,12,2,2,0,1
40.8,40.0,22,142,2,38,9,2,1,1
79.99,0.0,46,542,100,37,8,2,1,0
49.95,0.0,240,10,104,6,1,0,1,0
79.5,0.0,115,108,75,13,2,2,1,0
35.0,0.0,372,194,111,42,6,2,1,0
54.95,0.0,225,10,104,6,1,0,1,0
108.0,20.0,0,1703,156,38,9,2,0,1
42.0,0.0,112,228,120,34,7,1,1,0
40.0,46.3,79,50,75,12,2,2,1,1
70.0,30.0,117,395,114,1,0,2,1,1
54.95,0.0,34,5,104,6,1,0,1,0
45.0,0.0,32,75,7,1,0,2,1,0
48.0,0.0,159,23,83,25,5,1,1,0
14.0,0.0,134,74,7,1,0,2,1,0
54.95,0.0,267,5,104,6,1,0,1,0
48.0,20.0,0,321,82,25,5,1,0,1
24.0,60.0,0,321,82,25,5,1,0,1
49.95,0.0,16,10,104,6,1,0,1,0
93.0,40.0,0,171,156,38,9,2,0,1
50.0,0.0,28,936,7,1,0,2,1,0
36.0,0.0,50,51,85,25,5,1,1,0
70.0,0.0,82,23,83,25,5,1,1,0
69.99,30.0,0,1753,122,37,8,2,0,1
59.5,0.0,39,88,75,13,2,2,1,0
69.0,50.0,0,415,12,38,9,2,0,1
59.5,0.0,0,19,75,12,2,2,0,0
40.0,20.0,0,321,140,25,5,1,0,1
32.0,20.0,0,125,85,25,5,1,0,1
7.7,79.7,0,260,120,34,7,1,0,1
22.0,0.0,0,321,153,25,5,1,0,0
65.0,48.0,0,1703,156,38,9,2,0,1
49.0,70.8,0,1880,27,38,9,2,0,1
59.0,50.0,0,1069,156,38,9,2,0,1
64.0,50.0,0,1341,156,38,9,2,0,1
49.95,0.0,154,10,104,6,1,0,1,0
8999.99,8.9,40,365,93,36,3,3,1,1
22.8,40.0,177,321,151,25,5,1,1,1
49.95,0.0,133,10,104,6,1,0,1,0
49.95,0.0,50,10,104,6,1,0,1,0
44.0,0.0,0,321,134,25,5,1,0,0
140.0,0.0,37,47,114,1,0,2,1,0
45.0,0.0,24,59,120,34,7,1,1,0
59.5,0.0,73,232,75,13,2,2,1,0
50.0,0.0,64,103,120,34,7,1,1,0
91.0,30.0,99,215,114,1,0,2,1,1
40.0,0.0,122,173,120,34,7,1,1,0
50.0,0.0,130,24,85,25,5,1,1,0
29.99,0.0,0,963,17,37,8,2,0,0
89.0,50.0,0,661,12,38,9,2,0,1
119.99,0.0,27,438,51,37,8,2,1,0
1.29,0.0,33,365,44,46,3,3,1,0
29.0,0.0,158,745,39,43,6,2,1,0
59.0,52.8,0,1880,156,38,9,2,0,1
64.0,50.0,0,1634,55,38,9,2,0,1
76.0,0.0,82,30,85,25,5,1,1,0
94.0,0.0,109,506,107,42,6,2,1,0
40.0,0.0,93,77,120,34,7,1,1,0
138.0,0.0,23,43,156,38,9,2,1,0
25.0,0.0,117,852,110,44,6,2,1,0
49.95,0.0,46,10,104,6,1,0,1,0
35.0,0.0,96,10,71,6,1,0,1,0
38.0,0.0,0,321,152,25,5,1,0,0
150.0,0.0,6,362,114,1,0,2,1,0
35.0,0.0,50,58,7,1,0,2,1,0
96.6,30.0,0,865,156,38,9,2,0,1
45.0,0.0,46,260,120,34,7,1,1,0
110.0,0.0,45,2333,114,1,0,2,1,0
9.6,40.0,0,321,118,25,5,1,0,1
52.0,30.7,39,173,114,1,0,2,1,1
90.0,0.0,215,47,114,1,0,2,1,0
45.0,0.0,54,51,120,34,7,1,1,0
44.0,50.0,0,1062,12,38,9,2,0,1
49.95,0.0,171,10,104,6,1,0,1,0
65.0,0.0,141,5,120,34,7,1,1,0
140.0,0.0,22,47,114,1,0,2,1,0
45.0,50.0,139,383,114,1,0,2,1,1
54.95,0.0,77,5,104,6,1,0,1,0
64.0,50.0,0,925,156,38,9,2,0,1
28.0,0.0,93,180,96,43,6,2,1,0
55.0,50.0,198,229,114,1,0,2,1,1
38.0,41.1,32,802,75,12,2,2,1,1
28.0,0.0,0,58,141,25,5,1,0,0
52.0,0.0,89,1389,2,38,9,2,1,0
13.5,66.2,0,260,120,34,7,1,0,1
145.0,0.0,54,47,114,1,0,2,1,0
54.95,0.0,43,10,104,6,1,0,1,0
98.0,0.0,0,1880,103,38,9,2,0,0
49.95,0.0,95,10,104,6,1,0,1,0
52.0,0.0,79,51,80,25,5,1,1,0
35.2,20.0,110,321,147,25,5,1,1,1
40.0,42.4,0,23,75,12,2,2,0,1
64.0,50.0,0,718,156,38,9,2,0,1
349.99,0.0,38,997,26,37,8,2,1,0
38.4,20.0,122,79,141,25,5,1,1,1
94.5,0.0,3,265,75,13,2,2,1,0
119.0,50.0,0,1026,102,38,9,2,0,1
65.0,0.0,104,59,120,34,7,1,1,0
64.0,0.0,128,59,120,34,7,1,1,0
30.6,10.0,0,321,151,25,5,1,0,1
44.8,20.0,84,321,144,25,5,1,1,1
49.95,0.0,152,10,104,6,1,0,1,0
38.0,0.0,163,207,120,34,7,1,1,0
95.0,0.0,89,47,114,1,0,2,1,0
9.99,10.5,99,365,9,18,3,3,1,1
67.0,0.0,55,51,75,12,2,2,1,0
54.0,0.0,165,59,120,34,7,1,1,0
54.95,0.0,76,5,104,6,1,0,1,0
54.95,0.0,53,5,104,6,1,0,1,0
79.5,0.0,170,267,75,13,2,2,1,0
89.5,0.0,46,232,75,13,2,2,1,0
99.0,50.0,87,554,102,38,9,2,1,1
42.0,0.0,0,108,79,25,5,1,0,0
36.0,0.0,0,321,84,25,5,1,0,0
110.6,30.0,0,858,12,38,9,2,0,1
49.0,57.4,114,514,114,1,0,2,1,1
63.0,20.8,75,179,75,13,2,2,1,1
94.0,50.0,200,1703,12,38,9,2,1,1
179.1,10.0,4,123,16,42,6,2,1,1
99.0,26.7,124,10,114,1,0,2,1,1
14.0,0.0,280,74,7,1,0,2,1,0
22.0,0.0,142,535,65,42,6,2,1,0
44.8,20.0,211,321,140,25,5,1,1,1
65.0,27.4,14,408,75,12,2,2,1,1
115.0,0.0,17,75,114,1,0,2,1,0
22.0,0.0,334,1200,13,42,6,2,1,0
105.0,0.0,29,250,114,1,0,2,1,0
64.0,0.0,165,16,140,25,5,1,1,0
17.1,71.5,0,260,120,34,7,1,0,1
110.0,15.4,38,138,114,1,0,2,1,1
54.95,0.0,59,10,104,6,1,0,1,0
49.95,0.0,111,10,104,6,1,0,1,0
40.0,20.0,0,321,140,25,5,1,0,1
129.0,31.4,0,1880,102,38,9,2,0,1
82.0,35.9,0,1878,12,38,9,2,0,1
50.0,0.0,32,24,85,25,5,1,1,0
115.0,0.0,21,75,114,1,0,2,1,0
36.0,0.0,139,228,120,34,7,1,1,0
6.99,14.5,82,365,54,46,3,3,1,1
49.95,0.0,135,10,104,6,1,0,1,0
45.0,0.0,65,5,120,34,7,1,1,0
69.5,0.0,161,1676,75,12,2,2,1,0
51.0,40.0,103,237,55,38,9,2,1,1
49.95,0.0,121,10,104,6,1,0,1,0
54.95,0.0,87,10,104,6,1,0,1,0
34.99,0.0,111,298,36,37,8,2,1,0
60.0,0.0,132,25,140,25,5,1,1,0
32.5,50.0,0,260,120,34,7,1,0,1
105.0,0.0,28,47,114,1,0,2,1,0
40.0,0.0,88,27,78,25,5,1,1,0
24.95,0.0,77,10,6,6,1,0,1,0
49.95,0.0,38,10,104,6,1,0,1,0
84.0,50.0,0,928,156,38,9,2,0,1
4.0,50.0,0,260,120,34,7,1,0,1
33.0,46.8,0,260,120,34,7,1,0,1
70.0,33.3,59,194,114,1,0,2,1,1
49.95,0.0,101,10,104,6,1,0,1,0
52.0,52.7,204,257,114,1,0,2,1,1
16.99,7.5,71,365,54,46,3,3,1,1
55.99,30.0,204,1535,131,37,8,2,1,1
40.0,42.4,0,44,75,13,2,2,0,1
69.5,0.0,96,232,75,13,2,2,1,0
45.0,0.0,107,145,120,34,7,1,1,0
38.0,0.0,35,213,120,34,7,1,1,0
76.8,40.0,0,319,156,38,9,2,0,1
84.0,50.0,0,808,102,38,9,2,0,1
60.0,0.0,222,207,120,34,7,1,1,0
89.5,0.0,73,232,75,13,2,2,1,0
40.0,49.7,78,31,75,12,2,2,1,1
25.6,20.0,206,79,84,25,5,1,1,1
38.0,0.0,71,228,120,34,7,1,1,0
40.0,46.3,48,29,75,12,2,2,1,1
22.0,0.0,368,214,15,42,6,2,1,0
64.0,50.0,0,1090,156,38,9,2,0,1
58.0,0.0,16,145,120,34,7,1,1,0
49.95,0.0,62,10,104,6,1,0,1,0
60.0,0.0,94,23,148,25,5,1,1,0
45.0,0.0,96,51,120,34,7,1,1,0
54.95,0.0,149,5,104,6,1,0,1,0
49.5,0.0,187,72,75,13,2,2,1,0
89.99,6.0,32,365,93,19,3,3,1,1
45.0,0.0,70,185,120,34,7,1,1,0
76.8,40.0,0,611,55,38,9,2,0,1
49.0,50.0,0,1341,12,38,9,2,0,1
89.5,0.0,0,232,75,13,2,2,0,0
55.0,0.0,77,207,120,34,7,1,1,0
51.3,10.0,50,663,16,42,6,2,1,1
14.99,0.0,63,2116,4,37,8,2,1,0
69.0,0.0,31,10,48,6,1,0,1,0
100.0,0.0,62,241,114,1,0,2,1,0
64.0,0.0,0,23,82,25,5,1,0,0
50.0,0.0,169,16,120,34,7,1,1,0
52.0,0.0,122,5,120,34,7,1,1,0
59.0,20.8,0,265,75,13,2,2,0,1
76.8,40.0,0,585,156,38,9,2,0,1
40.0,20.0,0,321,82,25,5,1,0,1
21.0,65.0,0,260,120,34,7,1,0,1
50.0,28.1,26,19,75,12,2,2,1,1
44.99,0.0,71,619,100,37,8,2,1,0
5.0,0.0,208,230,110,44,6,2,1,0
70.0,50.0,126,215,114,1,0,2,1,1
38.0,0.0,32,59,120,34,7,1,1,0
27.0,10.0,323,149,11,25,5,1,1,1
56.0,0.0,33,77,120,34,7,1,1,0
39.0,67.5,13,138,114,1,0,2,1,1
31.2,40.0,0,260,120,34,7,1,0,1
20.0,0.0,228,138,2,1,0,2,1,0
59.0,53.9,0,1880,27,38,9,2,0,1
55.99,0.0,101,365,73,46,4,3,1,0
89.0,30.5,0,1612,156,38,9,2,0,1
55.0,0.0,0,51,120,34,7,1,0,0
5.99,9.2,59,365,44,46,3,3,1,1
37.0,50.7,53,173,114,1,0,2,1,1
50.0,0.0,149,24,152,25,5,1,1,0
50.0,0.0,33,321,140,25,5,1,1,0
150.0,0.0,30,176,114,1,0,2,1,0
188.0,0.0,0,535,55,38,9,2,0,0
49.95,0.0,129,10,104,6,1,0,1,0
54.95,0.0,54,5,104,6,1,0,1,0
40.0,20.0,27,321,148,25,5,1,1,1
50.0,0.0,0,52,146,25,5,1,0,0
35.2,20.0,0,27,82,25,5,1,0,1
29.95,0.0,162,365,132,46,4,3,1,0
63.0,20.8,126,206,75,13,2,2,1,1
14.4,60.0,0,321,88,25,5,1,0,1
29.99,15.4,38,365,91,20,3,3,1,1
64.5,0.0,40,72,75,13,2,2,1,0
54.95,0.0,95,5,104,6,1,0,1,0
58.0,0.0,125,5,120,34,7,1,1,0
59.4,10.0,145,442,16,42,6,2,1,1
64.0,50.0,0,1341,156,38,9,2,0,1
47.0,21.0,54,151,75,13,2,2,1,1
78.0,40.0,314,229,114,1,0,2,1,1
28.8,40.0,75,321,83,25,5,1,1,1
24.95,0.0,174,10,6,6,1,0,1,0
56.7,10.0,70,108,16,42,6,2,1,1
94.5,10.0,43,663,16,42,6,2,1,1
198.0,0.0,48,697,102,38,9,2,1,0
69.0,0.0,23,10,48,6,1,0,1,0
40.0,20.0,63,321,85,25,5,1,1,1
64.0,20.0,144,110,80,25,5,1,1,1
82.6,30.0,0,757,55,38,9,2,0,1
45.0,0.0,87,51,120,34,7,1,1,0
59.0,33.0,84,1880,55,38,9,2,1,1
45.0,0.0,54,192,120,34,7,1,1,0
32.0,20.0,73,321,88,25,5,1,1,1
82.0,35.9,0,1878,12,38,9,2,0,1
102.0,29.7,51,355,114,1,0,2,1,1
64.5,0.0,20,101,75,13,2,2,1,0
31.0,50.0,0,200,120,34,7,1,0,1
44.0,0.0,77,24,151,25,5,1,1,0
24.8,60.0,0,88,2,25,5,1,0,1
50.0,47.1,8,29,124,12,2,2,1,1
59.0,39.8,0,1880,156,38,9,2,0,1
58.0,0.0,153,26,120,34,7,1,1,0
44.5,0.0,65,88,75,13,2,2,1,0
38.0,0.0,0,321,152,25,5,1,0,0
42.0,0.0,36,228,120,34,7,1,1,0
42.0,0.0,119,228,120,34,7,1,1,0
40.0,20.0,47,321,147,25,5,1,1,1
65.0,50.0,70,215,114,1,0,2,1,1
99.95,0.0,198,10,70,6,1,0,1,0
48.0,40.0,0,129,55,38,9,2,0,1
16.8,40.0,0,296,2,38,9,2,0,1
23.0,0.0,169,51,75,12,2,2,1,0
34.95,0.0,183,10,104,6,1,0,1,0
42.0,0.0,56,16,120,34,7,1,1,0
36.0,0.0,0,321,152,25,5,1,0,0
69.5,0.0,74,989,75,12,2,2,1,0
30.0,40.0,0,716,55,38,9,2,0,1
45.0,0.0,0,180,120,34,7,1,0,0
45.0,0.0,133,260,120,34,7,1,1,0
54.95,0.0,92,10,104,6,1,0,1,0
45.0,0.0,432,59,2,1,0,2,1,0
48.0,20.0,0,321,80,25,5,1,0,1
49.0,44.3,0,1880,55,38,9,2,0,1
78.0,40.0,118,229,114,1,0,2,1,1
84.5,0.0,25,439,75,12,2,2,1,0
64.5,0.0,104,264,75,13,2,2,1,0
98.0,21.6,0,1878,156,38,9,2,0,1
99.0,50.0,0,919,102,38,9,2,0,1
28.0,0.0,448,907,24,42,6,2,1,0
26.0,0.0,82,586,99,42,6,2,1,0
24.95,0.0,161,10,6,6,1,0,1,0
34.95,0.0,67,10,104,6,1,0,1,0
36.0,0.0,79,173,120,34,7,1,1,0
73.8,10.0,156,72,16,42,6,2,1,1
59.5,0.0,49,232,75,13,2,2,1,0
135.0,10.0,57,130,16,42,6,2,1,1
10.1,71.1,0,260,120,34,7,1,0,1
105.0,0.0,38,194,114,1,0,2,1,0
68.0,0.0,105,137,120,34,7,1,1,0
19.99,18.2,34,365,9,23,3,3,1,1
38.0,0.0,140,25,152,25,5,1,1,0
150.0,0.0,0,22,2,38,9,2,0,0
24.0,50.0,94,321,83,25,5,1,1,1
199.0,33.2,0,1880,102,38,9,2,0,1
44.0,0.0,0,321,134,25,5,1,0,0
38.0,0.0,0,321,85,25,5,1,0,0
38.0,0.0,325,59,120,34,7,1,1,0
79.5,0.0,172,263,75,13,2,2,1,0
49.95,0.0,48,10,104,6,1,0,1,0
68.0,0.0,202,213,120,34,7,1,1,0
54.95,0.0,265,10,104,6,1,0,1,0
69.99,0.0,105,542,100,37,8,2,1,0
79.0,53.0,0,1880,27,38,9,2,0,1
25.0,27.5,0,25,75,13,2,2,0,1
84.0,20.0,146,138,114,1,0,2,1,1
50.0,0.0,76,23,146,25,5,1,1,0
133.2,10.0,21,320,16,42,6,2,1,1
89.0,30.5,0,1115,156,38,9,2,0,1
131.6,30.0,0,1415,156,38,9,2,0,1
59.95,25.0,129,10,104,6,1,0,1,1
38.0,0.0,0,58,140,25,5,1,0,0
24.0,50.0,0,1634,55,38,9,2,0,1
54.95,0.0,32,10,104,6,1,0,1,0
35.0,0.0,103,10,71,6,1,0,1,0
49.95,0.0,91,10,104,6,1,0,1,0
88.0,29.6,0,1880,156,38,9,2,0,1
34.95,0.0,75,10,104,6,1,0,1,0
24.95,0.0,0,10,6,6,1,0,0,0
99.0,34.0,39,229,114,1,0,2,1,1
20.99,30.0,486,1473,17,37,8,2,1,1
49.0,44.3,0,1880,103,38,9,2,0,1
89.5,0.0,321,232,75,13,2,2,1,0
54.95,0.0,53,5,104,6,1,0,1,0
48.0,0.0,0,34,79,25,5,1,0,0
38.0,0.0,93,228,120,34,7,1,1,0
84.6,10.0,171,130,16,42,6,2,1,1
76.8,40.0,0,891,156,38,9,2,0,1
5.49,8.7,27,365,44,46,3,3,1,1
7.99,1.6,57,365,44,46,3,3,1,1
40.0,0.0,75,77,120,34,7,1,1,0
24.95,0.0,65,10,6,6,1,0,1,0
49.95,0.0,54,10,104,6,1,0,1,0
62.16,40.0,0,1415,12,38,9,2,0,1
49.95,0.0,72,10,104,6,1,0,1,0
51.0,0.0,128,1138,66,42,6,2,1,0
79.5,0.0,0,207,75,12,2,2,0,0
100.0,0.0,85,47,114,1,0,2,1,0
64.5,0.0,73,72,75,13,2,2,1,0
120.0,0.0,3,75,114,1,0,2,1,0
25.6,20.0,0,321,85,25,5,1,0,1
76.8,40.0,256,311,156,38,9,2,1,1
39.7,44.9,0,260,120,34,7,1,0,1
69.5,0.0,82,232,75,13,2,2,1,0
38.0,0.0,0,321,147,25,5,1,0,0
55.0,20.9,116,813,75,12,2,2,1,1
51.2,20.0,0,149,82,25,5,1,0,1
140.0,0.0,99,47,114,1,0,2,1,0
30.4,20.0,0,321,151,25,5,1,0,1
48.0,0.0,0,34,85,25,5,1,0,0
70.0,30.0,52,173,114,1,0,2,1,1
26.0,0.0,268,51,85,25,5,1,1,0
70.0,30.0,82,1139,114,1,0,2,1,1
138.0,0.0,81,8,156,38,9,2,1,0
5.99,12.4,35,365,54,46,3,3,1,1
64.8,10.0,115,108,16,42,6,2,1,1
51.2,20.0,95,149,139,25,5,1,1,1
13999.99,5.0,55,365,93,36,3,3,1,1
52.0,0.0,59,59,120,34,7,1,1,0
25.2,10.0,0,321,11,25,5,1,0,1
49.95,0.0,100,10,104,6,1,0,1,0
20.0,0.0,0,110,11,25,5,1,0,0
38.0,0.0,67,51,151,25,5,1,1,0
34.0,50.0,51,228,120,34,7,1,1,1
65.0,0.0,163,77,120,34,7,1,1,0
94.5,0.0,96,221,75,13,2,2,1,0
70.0,0.0,103,23,83,25,5,1,1,0
35.0,0.0,30,613,66,42,6,2,1,0
17.6,20.0,195,321,83,25,5,1,1,1
48.0,0.0,0,23,120,34,7,1,0,0
81.0,40.0,101,232,156,38,9,2,1,1
38.0,0.0,0,1880,2,38,9,2,0,0
54.95,0.0,91,5,104,6,1,0,1,0
8.4,30.0,0,321,155,25,5,1,0,1
42.0,0.0,154,103,120,34,7,1,1,0
120.0,0.0,18,75,114,1,0,2,1,0
35.0,41.2,70,32,75,12,2,2,1,1
150.0,0.0,53,176,114,1,0,2,1,0
87.0,40.0,110,562,114,1,0,2,1,1
59.95,0.0,200,10,53,6,1,0,1,0
108.9,10.0,89,130,16,42,6,2,1,1
110.0,0.0,26,229,114,1,0,2,1,0
49.95,0.0,77,10,104,6,1,0,1,0
54.95,0.0,62,5,104,6,1,0,1,0
100.0,0.0,21,241,114,1,0,2,1,0
52.0,0.0,229,59,120,34,7,1,1,0
44.0,0.0,212,23,147,25,5,1,1,0
99.0,20.8,0,1880,156,38,9,2,0,1
72.0,0.0,168,77,120,34,7,1,1,0
84.95,0.0,40,10,104,6,1,0,1,0
140.0,0.0,18,176,114,1,0,2,1,0
58.0,0.0,0,1880,115,30,9,2,0,0
62.0,0.0,48,26,120,34,7,1,1,0
54.95,0.0,43,10,104,6,1,0,1,0
60.0,0.0,140,153,146,25,5,1,1,0
20.4,70.0,0,260,120,34,7,1,0,1
45.0,0.0,268,936,7,1,0,2,1,0
59.0,50.0,0,386,12,38,9,2,0,1
84.0,50.0,0,944,102,38,9,2,0,1
20.0,0.0,167,47,2,1,0,2,1,0
64.0,0.0,56,59,120,34,7,1,1,0
87.5,30.0,0,758,156,38,9,2,0,1
36.8,20.0,0,110,146,25,5,1,0,1
76.0,0.0,89,51,77,25,5,1,1,0
198.0,0.0,18,38,102,38,9,2,1,0
65.0,0.0,97,103,120,34,7,1,1,0
60.0,0.0,0,108,140,25,5,1,0,0
65.0,0.0,37,228,120,34,7,1,1,0
48.0,20.0,0,79,140,25,5,1,0,1
79.5,0.0,127,88,75,13,2,2,1,0
44.8,20.0,0,149,144,25,5,1,0,1
67.5,50.0,0,738,156,38,9,2,0,1
27.4,50.2,0,260,120,34,7,1,0,1
42.0,0.0,13,58,144,25,5,1,1,0
105.0,0.0,40,579,114,1,0,2,1,0
49.95,0.0,90,10,104,6,1,0,1,0
110.6,30.0,0,552,156,38,9,2,0,1
24.99,1.0,90,365,91,22,3,3,1,1
69.0,0.0,40,10,48,6,1,0,1,0
3.99,1.2,46,365,44,46,3,3,1,1
21.0,30.0,475,321,151,25,5,1,1,1
34.95,0.0,146,10,104,6,1,0,1,0
52.8,20.0,0,321,137,25,5,1,0,1
65.0,0.0,0,23,120,34,7,1,0,0
49.95,0.0,107,10,104,6,1,0,1,0
68.0,0.0,10,51,120,34,7,1,1,0
64.8,40.0,0,656,156,38,9,2,0,1
65.0,0.0,84,185,120,34,7,1,1,0
45.0,0.0,0,23,120,34,7,1,0,0
62.0,0.0,163,23,82,25,5,1,1,0
21.0,30.0,0,321,88,25,5,1,0,1
149.99,0.0,0,1537,100,37,8,2,0,0
55.0,20.9,59,265,75,13,2,2,1,1
49.95,0.0,170,10,104,6,1,0,1,0
22.4,60.0,0,321,144,25,5,1,0,1
27.0,10.0,0,110,11,25,5,1,0,1
22.0,0.0,345,37,118,25,5,1,1,0
54.95,0.0,192,5,104,6,1,0,1,0
25.0,0.0,213,579,110,44,6,2,1,0
49.95,0.0,151,10,104,6,1,0,1,0
7.0,56.2,277,1130,118,1,0,2,1,1
21.0,50.0,0,1121,55,38,9,2,0,1
99.0,29.3,172,10,114,1,0,2,1,1
68.0,30.6,0,1860,2,38,9,2,0,1
35.0,0.0,204,271,60,42,6,2,1,0
49.95,0.0,136,10,104,6,1,0,1,0
34.95,0.0,44,10,104,6,1,0,1,0
70.0,30.0,93,250,114,1,0,2,1,1
54.95,0.0,83,5,104,6,1,0,1,0
46.8,40.0,0,388,2,38,9,2,0,1
89.5,0.0,105,73,75,13,2,2,1,0
54.95,0.0,140,10,104,6,1,0,1,0
75.6,10.0,73,180,16,43,6,2,1,1
65.0,27.4,0,424,75,12,2,2,0,1
64.4,30.0,0,1611,12,38,9,2,0,1
79.5,0.0,23,129,75,12,2,2,1,0
48.0,0.0,0,23,79,25,5,1,0,0
32.0,0.0,0,321,85,25,5,1,0,0
6.1,82.6,0,260,120,34,7,1,0,1
60.0,0.0,138,180,120,34,7,1,1,0
52.0,0.0,131,16,120,34,7,1,1,0
150.0,0.0,54,803,114,1,0,2,1,0
81.0,40.0,188,232,156,38,9,2,1,1
62.0,0.0,285,24,83,25,5,1,1,0
84.5,0.0,50,265,75,13,2,2,1,0
30.0,0.0,129,137,120,34,7,1,1,0
73.6,20.0,0,756,2,38,9,2,0,1
63.0,20.8,65,25,75,13,2,2,1,1
82.8,40.0,182,235,156,38,9,2,1,1
69.0,50.0,0,766,156,38,9,2,0,1
84.0,50.0,0,1341,12,38,9,2,0,1
16.5,63.3,0,260,120,34,7,1,0,1
68.0,0.0,83,133,120,34,7,1,1,0
45.0,50.0,53,383,114,1,0,2,1,1
54.95,0.0,207,10,104,6,1,0,1,0
26.0,0.0,188,157,120,34,7,1,1,0
25.6,20.0,413,110,85,25,5,1,1,1
33.6,20.0,164,79,79,25,5,1,1,1
54.95,0.0,28,10,104,6,1,0,1,0
4.99,9.3,10,365,44,46,3,3,1,1
10.99,0.0,58,365,50,46,4,3,1,0
59.0,30.2,41,179,75,13,2,2,1,1
68.0,0.0,34,160,120,34,7,1,1,0
42.0,0.0,132,59,120,34,7,1,1,0
49.95,0.0,36,10,104,6,1,0,1,0
46.0,50.0,0,1110,12,38,9,2,0,1
250.2,10.0,6,108,16,42,6,2,1,1
32.0,0.0,0,160,120,34,7,1,0,0
35.2,20.0,0,130,146,25,5,1,0,1
40.0,42.4,20,44,75,12,2,2,1,1
45.0,0.0,55,215,7,1,0,2,1,0
50.4,30.0,0,1608,12,38,9,2,0,1
79.5,0.0,42,636,75,12,2,2,1,0
32.0,0.0,0,23,85,25,5,1,0,0
32.0,0.0,116,51,120,34,7,1,1,0
38.0,0.0,33,18,140,25,5,1,1,0
117.6,30.0,0,1278,55,38,9,2,0,1
35.0,30.0,0,321,82,25,5,1,0,1
45.0,0.0,51,145,120,34,7,1,1,0
49.95,0.0,42,10,104,6,1,0,1,0
64.0,20.0,76,148,80,25,5,1,1,1
21.0,50.0,0,321,155,25,5,1,0,1
64.0,20.0,136,110,82,25,5,1,1,1
45.0,0.0,61,207,120,34,7,1,1,0
18.0,10.0,0,321,84,25,5,1,0,1
40.0,49.7,22,263,75,13,2,2,1,1
13.7,77.2,0,260,120,34,7,1,0,1
129.99,15.5,67,365,97,4,3,3,1,1
32.0,0.0,0,27,79,25,5,1,0,0
40.0,42.4,0,25,75,12,2,2,0,1
17.6,70.7,0,260,120,34,7,1,0,1
15.2,60.0,0,321,85,25,5,1,0,1
98.0,33.8,0,1873,156,38,9,2,0,1
50.0,0.0,0,23,82,25,5,1,0,0
62.99,30.0,52,1612,100,37,8,2,1,1
94.5,10.0,70,130,16,42,6,2,1,1
68.0,0.0,87,160,120,34,7,1,1,0
49.95,0.0,55,10,104,6,1,0,1,0
10.5,65.0,0,260,120,34,7,1,0,1
64.5,0.0,0,47,75,13,2,2,0,0
42.0,0.0,203,228,120,34,7,1,1,0
54.95,0.0,220,5,104,6,1,0,1,0
69.5,0.0,58,232,75,13,2,2,1,0
105.0,0.0,52,47,114,1,0,2,1,0
135.0,0.0,14,145,156,38,9,2,1,0
40.0,0.0,187,51,83,25,5,1,1,0
65.0,27.4,97,424,75,12,2,2,1,1
34.95,0.0,83,10,104,6,1,0,1,0
63.0,20.8,125,265,75,13,2,2,1,1
54.95,0.0,114,5,104,6,1,0,1,0
39.0,0.0,122,4,111,43,6,2,1,0
44.0,0.0,20,25,151,25,5,1,1,0
36.0,0.0,51,34,84,25,5,1,1,0
88.0,29.6,0,1880,156,38,9,2,0,1
54.95,0.0,59,10,104,6,1,0,1,0
50.0,0.0,0,23,80,25,5,1,0,0
42.0,60.0,182,194,114,1,0,2,1,1
3.99,12.1,50,365,44,46,3,3,1,1
38.0,0.0,92,51,151,25,5,1,1,0
65.0,0.0,90,34,120,34,7,1,1,0
48.0,0.0,138,5,120,34,7,1,1,0
30.0,0.0,0,110,152,25,5,1,0,0
60.0,0.0,112,103,120,34,7,1,1,0
38.0,0.0,43,442,38,42,6,2,1,0
28.0,0.0,103,18,147,25,5,1,1,0
24.0,20.0,0,321,151,25,5,1,0,1
101.7,10.0,13,388,16,43,6,2,1,1
68.0,0.0,151,160,120,34,7,1,1,0
5.0,0.0,483,145,110,44,6,2,1,0
44.0,0.0,39,51,82,25,5,1,1,0
56.0,0.0,0,321,144,25,5,1,0,0
58.0,0.0,74,26,120,34,7,1,1,0
28.0,0.0,0,321,141,25,5,1,0,0
4.99,12.9,99,365,44,46,3,3,1,1
64.5,0.0,40,46,75,13,2,2,1,0
48.0,0.0,126,321,80,25,5,1,1,0
79.5,0.0,39,52,75,13,2,2,1,0
89.0,25.8,261,10,114,1,0,2,1,1
45.0,0.0,67,185,120,34,7,1,1,0
54.95,0.0,99,5,104,6,1,0,1,0
24.95,0.0,232,10,6,6,1,0,1,0
99.0,50.0,0,1415,12,38,9,2,0,1
64.0,50.0,0,1115,156,38,9,2,0,1
8.0,0.0,243,122,2,1,0,2,1,0
49.95,0.0,188,10,104,6,1,0,1,0
45.0,0.0,169,173,120,34,7,1,1,0
76.8,40.0,0,271,12,38,9,2,0,1
60.0,40.0,57,250,114,1,0,2,1,1
59.99,0.0,106,640,18,37,8,2,1,0
18.2,30.0,0,321,85,25,5,1,0,1
19.8,10.0,0,321,84,25,5,1,0,1
66.0,0.0,0,23,147,25,5,1,0,0
129.99,0.0,23,696,131,37,8,2,1,0
37.8,10.0,127,306,16,42,6,2,1,1
54.99,7.6,0,62,75,12,2,2,0,1
79.5,0.0,163,82,75,13,2,2,1,0
30.0,0.0,114,157,120,34,7,1,1,0
82.8,40.0,0,869,156,38,9,2,0,1
34.95,0.0,38,10,104,6,1,0,1,0
20.0,0.0,95,47,2,1,0,2,1,0
56.0,0.0,123,207,120,34,7,1,1,0
89.5,0.0,230,73,75,13,2,2,1,0
57.6,20.0,0,321,139,25,5,1,0,1
54.95,0.0,58,5,104,6,1,0,1,0
40.95,0.0,100,10,104,6,1,0,1,0
110.0,0.0,69,150,114,1,0,2,1,0
49.95,0.0,76,10,104,6,1,0,1,0
4.0,0.0,146,1162,3,45,6,2,1,0
68.0,0.0,0,200,120,34,7,1,0,0
49.95,0.0,80,10,104,6,1,0,1,0
48.99,30.0,46,1704,130,37,8,2,1,1
49.0,61.7,0,1880,156,38,9,2,0,1
36.0,10.0,283,112,16,45,6,2,1,1
103.5,10.0,31,60,16,43,6,2,1,1
198.0,0.0,0,1880,102,38,9,2,0,0
56.0,0.0,23,82,8,25,5,1,1,0
17.0,42.4,218,31,75,12,2,2,1,1
70.0,0.0,0,110,79,25,5,1,0,0
55.0,0.0,65,51,120,34,7,1,1,0
60.0,0.0,0,321,146,25,5,1,0,0
999.99,0.0,40,365,28,46,4,3,1,0
32.0,0.0,77,51,120,34,7,1,1,0
94.5,0.0,48,823,75,12,2,2,1,0
695.0,0.0,16,365,50,46,4,3,1,0
40.0,0.0,109,103,120,34,7,1,1,0
49.95,0.0,131,10,104,6,1,0,1,0
22.8,40.0,0,260,120,34,7,1,0,1
40.0,49.7,43,32,75,12,2,2,1,1
89.0,35.5,0,1880,156,38,9,2,0,1
72.0,0.0,95,103,120,34,7,1,1,0
105.0,0.0,16,229,114,1,0,2,1,0
32.3,47.9,0,260,120,34,7,1,0,1
47.95,30.5,77,10,48,6,1,0,1,1
40.0,0.0,94,51,120,34,7,1,1,0
8.4,76.7,0,260,120,34,7,1,0,1
34.0,0.0,0,110,85,25,5,1,0,0
89.99,4.2,90,365,92,35,3,3,1,1
0.99,1.0,3,365,44,46,3,3,1,1
17.4,70.0,0,260,120,34,7,1,0,1
44.99,0.0,95,1256,2,37,8,2,1,0
49.95,0.0,29,10,104,6,1,0,1,0
40.0,0.0,123,51,147,25,5,1,1,0
218.0,0.0,0,939,12,38,9,2,0,0
79.5,0.0,61,587,75,12,2,2,1,0
54.0,50.0,0,1612,156,38,9,2,0,1
228.6,10.0,21,60,16,43,6,2,1,1
32.0,0.0,83,984,31,42,6,2,1,0
149.99,0.0,7,1171,130,37,8,2,1,0
81.0,40.0,144,204,156,38,9,2,1,1
89.99,12.1,59,365,54,46,3,3,1,1
94.5,0.0,207,1292,75,12,2,2,1,0
48.0,20.0,24,321,140,25,5,1,1,1
49.95,0.0,211,10,104,6,1,0,1,0
82.6,30.0,0,683,12,38,9,2,0,1
19.99,6.8,2,365,91,9,3,3,1,1
63.9,10.0,69,52,16,42,6,2,1,1
32.0,0.0,48,23,45,25,5,1,1,0
54.95,0.0,211,5,104,6,1,0,1,0
81.9,10.0,279,108,16,42,6,2,1,1
36.8,20.0,91,321,85,25,5,1,1,1
35.0,0.0,36,58,7,1,0,2,1,0
328.0,0.0,0,1880,102,38,9,2,0,0
128.0,0.0,28,29,156,38,9,2,1,0
79.5,0.0,119,52,75,13,2,2,1,0
49.95,0.0,54,10,104,6,1,0,1,0
24.95,0.0,147,10,109,6,1,0,1,0
36.8,20.0,153,321,137,25,5,1,1,1
69.0,0.0,132,10,48,6,1,0,1,0
69.0,0.0,102,10,48,6,1,0,1,0
150.0,0.0,0,22,2,38,9,2,0,0
79.99,0.0,31,1150,100,37,8,2,1,0
45.0,10.0,10,242,16,42,6,2,1,1
76.8,40.0,67,324,156,38,9,2,1,1
56.0,20.0,36,110,82,25,5,1,1,1
65.0,0.0,86,73,111,43,6,2,1,0
40.0,0.0,111,16,120,34,7,1,1,0
148.8,40.0,0,891,102,38,9,2,0,1
89.5,0.0,84,232,75,13,2,2,1,0
70.0,0.0,0,321,140,25,5,1,0,0
135.0,0.0,24,31,156,38,9,2,1,0
35.2,20.0,292,321,151,25,5,1,1,1
79.0,46.6,0,1880,102,38,9,2,0,1
41.99,30.0,114,3428,100,37,8,2,1,1
54.95,0.0,36,5,104,6,1,0,1,0
52.0,0.0,65,5,120,34,7,1,1,0
36.0,0.0,132,321,11,25,5,1,1,0
62.0,0.0,95,5,120,34,7,1,1,0
90.0,14.3,131,250,114,1,0,2,1,1
44.0,50.0,0,1047,12,38,9,2,0,1
10.8,70.0,0,260,120,34,7,1,0,1
45.0,46.7,49,179,75,13,2,2,1,1
180.0,10.0,3,663,16,45,6,2,1,1
64.0,20.0,62,79,82,25,5,1,1,1
28.0,0.0,247,321,84,25,5,1,1,0
105.0,0.0,21,30,114,1,0,2,1,0
55.0,50.0,146,138,114,1,0,2,1,1
79.5,0.0,34,88,75,13,2,2,1,0
12.99,0.0,67,365,132,46,4,3,1,0
84.5,0.0,157,9,75,13,2,2,1,0
45.0,10.0,160,663,16,45,6,2,1,1
21.0,0.0,131,774,58,45,6,2,1,0
45.0,0.0,137,51,120,34,7,1,1,0
98.0,0.0,0,1880,127,38,9,2,0,0
35.0,0.0,125,784,66,42,6,2,1,0
49.5,0.0,97,18,75,13,2,2,1,0
49.95,0.0,18,10,104,6,1,0,1,0
34.95,0.0,126,10,104,6,1,0,1,0
99.0,29.3,90,10,114,1,0,2,1,1
69.0,0.0,109,10,48,6,1,0,1,0
88.0,0.0,51,277,55,38,9,2,1,0
62.0,0.0,59,26,120,34,7,1,1,0
50.0,0.0,0,321,82,25,5,1,0,0
94.8,40.0,0,492,156,38,9,2,0,1
160.2,10.0,29,122,16,42,6,2,1,1
49.5,0.0,81,806,75,12,2,2,1,0
40.95,0.0,141,10,104,6,1,0,1,0
89.6,30.0,0,494,12,38,9,2,0,1
45.0,0.0,15,58,2,1,0,2,1,0
68.0,0.0,0,1880,55,38,9,2,0,0
115.0,0.0,21,75,114,1,0,2,1,0
56.0,29.6,159,263,75,13,2,2,1,1
49.95,0.0,75,10,104,6,1,0,1,0
4.99,1.6,59,365,54,46,3,3,1,1
28.0,0.0,130,795,113,42,6,2,1,0
78.0,0.0,0,1880,55,38,9,2,0,0
55.0,20.9,0,265,75,13,2,2,0,1
36.0,0.0,84,228,120,34,7,1,1,0
64.0,50.0,0,1398,156,38,9,2,0,1
44.0,0.0,15,52,152,25,5,1,1,0
22.0,0.0,192,1200,65,42,6,2,1,0
82.8,40.0,0,339,156,38,9,2,0,1
31.0,50.0,0,260,120,34,7,1,0,1
30.0,0.0,66,321,152,25,5,1,1,0
32.0,0.0,206,51,85,25,5,1,1,0
55.0,0.0,228,34,120,34,7,1,1,0
55.0,0.0,98,115,120,34,7,1,1,0
62.5,50.0,0,1781,156,38,9,2,0,1
50.0,0.0,31,145,120,34,7,1,1,0
60.0,24.5,68,151,75,13,2,2,1,1
16.0,0.0,72,37,118,25,5,1,1,0
20.0,0.0,103,138,2,1,0,2,1,0
54.95,0.0,106,10,104,6,1,0,1,0
54.95,0.0,27,10,104,6,1,0,1,0
44.0,0.0,53,23,83,25,5,1,1,0
40.8,40.0,0,260,120,34,7,1,0,1
51.2,20.0,0,79,139,25,5,1,0,1
14.0,0.0,127,74,7,1,0,2,1,0
49.95,0.0,49,10,104,6,1,0,1,0
188.1,10.0,1,123,16,42,6,2,1,1
15.0,70.0,0,321,147,25,5,1,0,1
42.0,0.0,52,16,120,34,7,1,1,0
16.8,30.0,0,321,84,25,5,1,0,1
38.0,0.0,143,200,120,34,7,1,1,0
54.95,0.0,69,5,104,6,1,0,1,0
198.0,0.0,19,1009,102,38,9,2,1,0
39.99,7.5,28,365,46,46,3,3,1,1
34.95,0.0,192,10,104,6,1,0,1,0
56.0,0.0,0,228,120,34,7,1,0,0
0.99,14.7,53,365,44,46,3,3,1,1
89.1,10.0,44,130,16,42,6,2,1,1
105.0,0.0,32,75,114,1,0,2,1,0
50.0,0.0,0,269,140,25,5,1,0,0
99.0,29.3,29,17,114,1,0,2,1,1
40.0,0.0,0,321,151,25,5,1,0,0
24.0,40.0,0,1010,55,38,9,2,0,1
19.2,20.0,109,321,85,25,5,1,1,1
44.0,0.0,97,23,147,25,5,1,1,0
105.0,0.0,5,250,114,1,0,2,1,0
46.0,0.0,234,130,151,25,5,1,1,0
54.95,0.0,29,10,104,6,1,0,1,0
50.0,0.0,0,41,82,25,5,1,0,0
84.0,40.0,30,439,114,1,0,2,1,1
23.0,0.0,74,1162,125,45,6,2,1,0
56.0,0.0,104,77,120,34,7,1,1,0
36.0,10.0,11,257,16,42,6,2,1,1
599.0,0.0,62,365,28,46,4,3,1,0
68.0,0.0,0,144,82,25,5,1,0,0
71.0,20.7,62,29,75,12,2,2,1,1
29.0,0.0,101,606,32,42,6,2,1,0
38.0,0.0,130,207,120,34,7,1,1,0
27.5,50.0,0,173,120,34,7,1,0,1
36.0,0.0,159,154,60,42,6,2,1,0
49.95,0.0,101,10,104,6,1,0,1,0
62.0,0.0,80,321,82,25,5,1,1,0
13.2,65.3,0,260,120,34,7,1,0,1
55.0,0.0,106,34,120,34,7,1,1,0
45.0,10.0,0,321,85,25,5,1,0,1
38.0,0.0,151,103,120,34,7,1,1,0
69.0,44.8,0,1880,156,38,9,2,0,1
49.95,0.0,87,10,104,6,1,0,1,0
36.0,0.0,157,23,8,25,5,1,1,0
34.0,0.0,300,1138,66,42,6,2,1,0
62.0,0.0,58,173,120,34,7,1,1,0
33.6,20.0,115,107,84,25,5,1,1,1
44.0,0.0,0,149,147,25,5,1,0,0
90.0,0.0,0,160,120,34,7,1,0,0
9.99,13.7,97,365,44,46,3,3,1,1
49.95,0.0,179,10,104,6,1,0,1,0
36.0,0.0,51,321,85,25,5,1,1,0
32.3,47.9,0,260,120,34,7,1,0,1
38.0,0.0,97,180,120,34,7,1,1,0
24.5,0.0,145,410,75,12,2,2,1,0
45.0,0.0,52,133,120,34,7,1,1,0
49.95,0.0,138,10,104,6,1,0,1,0
110.0,0.0,22,138,114,1,0,2,1,0
138.6,30.0,0,505,55,38,9,2,0,1
118.0,0.0,0,1880,115,38,9,2,0,0
26.0,0.0,244,697,10,42,6,2,1,0
54.95,0.0,301,10,104,6,1,0,1,0
42.0,0.0,21,59,120,34,7,1,1,0
145.0,0.0,14,12,55,38,9,2,1,0
19.0,0.0,144,346,111,42,6,2,1,0
68.6,30.0,0,1285,2,38,9,2,0,1
89.5,0.0,11,232,75,13,2,2,1,0
100.0,0.0,51,250,114,1,0,2,1,0
25.0,0.0,56,271,110,44,6,2,1,0
34.95,0.0,101,10,104,6,1,0,1,0
5.0,64.3,290,250,118,1,0,2,1,1
14.0,0.0,206,74,7,1,0,2,1,0
55.0,0.0,108,180,120,34,7,1,1,0
13.5,66.2,0,260,120,34,7,1,0,1
52.8,40.0,70,148,2,38,9,2,1,1
27.2,20.0,0,321,137,25,5,1,0,1
102.0,29.7,31,355,114,1,0,2,1,1
68.0,0.0,113,34,120,34,7,1,1,0
26.0,0.0,179,137,120,34,7,1,1,0
30.8,30.0,0,321,144,25,5,1,0,1
60.0,0.0,142,192,120,34,7,1,1,0
17.3,66.7,0,260,120,34,7,1,0,1
36.0,0.0,0,51,85,25,5,1,0,0
91.0,30.0,221,215,114,1,0,2,1,1
49.95,0.0,161,10,104,6,1,0,1,0
69.0,50.0,0,1026,156,38,9,2,0,1
15.0,0.0,256,26,120,34,7,1,1,0
68.6,30.0,0,695,12,38,9,2,0,1
100.0,0.0,83,47,114,1,0,2,1,0
39.0,13.3,0,1880,55,38,9,2,0,1
54.95,0.0,120,10,104,6,1,0,1,0
49.0,50.0,0,1880,55,38,9,2,0,1
100.0,0.0,80,250,114,1,0,2,1,0
109.95,0.0,10,365,73,46,4,3,1,0
39.0,34.5,139,50,75,13,2,2,1,1
36.8,20.0,205,321,151,25,5,1,1,1
24.0,20.0,0,321,141,25,5,1,0,1
2.99,0.0,0,8,127,1,0,2,0,0
50.0,43.2,0,1703,115,38,9,2,0,1
54.5,0.0,39,19,75,13,2,2,1,0
28.0,30.0,0,1612,55,38,9,2,0,1
56.0,20.0,125,321,139,25,5,1,1,1
84.5,0.0,109,31,75,12,2,2,1,0
64.0,50.0,0,764,156,38,9,2,0,1
54.95,0.0,36,5,104,6,1,0,1,0
298.0,0.0,0,1860,2,38,9,2,0,0
88.0,0.0,124,262,2,38,9,2,1,0
15.0,0.0,155,26,120,34,7,1,1,0
84.0,40.0,96,491,114,1,0,2,1,1
103.6,30.0,0,857,55,38,9,2,0,1
128.0,0.0,29,50,156,38,9,2,1,0
49.0,57.4,174,514,114,1,0,2,1,1
45.0,0.0,0,269,76,25,5,1,0,0
140.4,10.0,25,697,16,42,6,2,1,1
638.4,20.0,19,1866,102,38,9,2,1,1
46.2,30.0,170,321,143,25,5,1,1,1
49.95,0.0,82,10,104,6,1,0,1,0
39.99,0.0,46,2285,20,37,8,2,1,0
130.5,10.0,38,214,16,42,6,2,1,1
70.0,0.0,192,251,55,38,9,2,1,0
99.0,50.0,0,872,102,38,9,2,0,1
58.0,14.7,0,1832,55,38,9,2,0,1
49.95,0.0,95,10,104,6,1,0,1,0
49.99,0.0,99,1858,108,37,8,2,1,0
9.6,70.0,0,260,120,34,7,1,0,1
23.4,10.0,0,321,83,25,5,1,0,1
35.0,50.0,0,180,120,34,7,1,0,1
74.5,0.0,131,53,75,13,2,2,1,0
52.0,0.0,163,77,120,34,7,1,1,0
36.0,0.0,118,321,152,25,5,1,1,0
52.8,40.0,0,353,12,38,9,2,0,1
60.0,0.0,0,321,146,25,5,1,0,0
149.99,4.1,7,365,92,32,3,3,1,1
168.3,10.0,9,130,16,42,6,2,1,1
45.0,0.0,0,244,120,34,7,1,0,0
40.95,0.0,101,10,104,6,1,0,1,0
32.0,0.0,0,110,85,25,5,1,0,0
54.95,0.0,150,10,104,6,1,0,1,0
25.0,50.0,0,215,120,34,7,1,0,1
49.95,0.0,102,10,104,6,1,0,1,0
64.5,0.0,86,89,75,13,2,2,1,0
39.0,55.7,0,1880,55,38,9,2,0,1
79.5,0.0,145,636,75,12,2,2,1,0
48.0,30.9,101,1676,75,12,2,2,1,1
54.95,0.0,35,5,104,6,1,0,1,0
22.4,30.0,0,149,85,25,5,1,0,1
100.0,0.0,85,1213,114,1,0,2,1,0
68.0,0.0,22,77,120,34,7,1,1,0
54.95,0.0,185,10,104,6,1,0,1,0
21.0,0.0,180,154,59,42,6,2,1,0
79.5,0.0,51,19,75,13,2,2,1,0
58.0,0.0,114,26,120,34,7,1,1,0
49.95,0.0,108,10,104,6,1,0,1,0
95.0,0.0,43,47,114,1,0,2,1,0
90.0,0.0,110,103,120,34,7,1,1,0
54.5,0.0,112,25,75,13,2,2,1,0
36.8,20.0,0,321,82,25,5,1,0,1
150.0,0.0,0,22,2,38,9,2,0,0
2.0,0.0,158,1041,110,44,6,2,1,0
60.0,0.0,0,321,146,25,5,1,0,0
49.95,0.0,46,10,104,6,1,0,1,0
68.0,0.0,200,157,120,34,7,1,1,0
58.0,0.0,95,185,120,34,7,1,1,0
29.4,30.0,0,321,85,25,5,1,0,1
85.0,0.0,99,237,55,38,9,2,1,0
54.0,0.0,148,185,120,34,7,1,1,0
67.5,50.0,0,674,156,38,9,2,0,1
59.95,0.0,20,10,69,6,1,0,1,0
50.0,0.0,51,145,120,34,7,1,1,0
44.0,0.0,0,58,144,25,5,1,0,0
168.0,0.0,6,365,50,46,4,3,1,0
42.0,0.0,62,145,120,34,7,1,1,0
55.99,30.0,88,2315,47,37,8,2,1,1
39.99,0.0,0,75,17,37,8,2,0,0
91.0,30.0,70,215,114,1,0,2,1,1
34.95,0.0,38,10,104,6,1,0,1,0
105.0,0.0,41,250,114,1,0,2,1,0
70.0,30.0,184,138,114,1,0,2,1,1
54.95,0.0,11,5,104,6,1,0,1,0
15.0,57.1,0,542,118,1,0,2,0,1
48.0,0.0,92,137,120,34,7,1,1,0
70.0,0.0,0,51,120,34,7,1,0,0
50.0,0.0,95,744,2,38,9,2,1,0
8.0,0.0,34,122,2,1,0,2,1,0
54.0,0.0,74,244,120,34,7,1,1,0
39.99,0.0,87,3046,100,37,8,2,1,0
76.0,0.0,0,76,89,25,5,1,0,0
43.2,20.0,41,321,151,25,5,1,1,1
110.0,0.0,91,229,114,1,0,2,1,0
44.99,0.0,0,1075,2,37,8,2,0,0
110.0,0.0,16,1269,114,1,0,2,1,0
62.99,37.0,33,2889,100,37,8,2,1,1
20.0,32.2,300,235,75,13,2,2,1,1
2.0,0.0,211,120,110,44,6,2,1,0
32.0,0.0,0,23,85,25,5,1,0,0
100.0,0.0,99,250,114,1,0,2,1,0
82.8,40.0,57,194,156,38,9,2,1,1
30.0,50.0,0,260,120,34,7,1,0,1
32.0,0.0,432,194,111,45,6,2,1,0
44.0,0.0,35,23,147,25,5,1,1,0
79.0,39.2,101,355,114,1,0,2,1,1
60.0,0.0,83,321,140,25,5,1,1,0
69.0,0.0,73,10,48,6,1,0,1,0
54.4,20.0,0,1249,55,38,9,2,0,1
56.0,0.0,0,321,152,25,5,1,0,0
34.95,0.0,83,10,104,6,1,0,1,0
49.95,0.0,126,10,104,6,1,0,1,0
10.0,66.1,220,410,75,12,2,2,1,1
38.0,0.0,0,321,140,25,5,1,0,0
100.0,0.0,41,2333,114,1,0,2,1,0
28.0,0.0,189,51,83,25,5,1,1,0
65.0,0.0,129,40,120,34,7,1,1,0
160.0,0.0,19,176,114,1,0,2,1,0
138.0,17.9,0,1878,156,38,9,2,0,1
64.4,30.0,0,764,12,38,9,2,0,1
52.0,0.0,150,173,120,34,7,1,1,0
25.0,0.0,108,282,110,44,6,2,1,0
100.0,0.0,30,250,114,1,0,2,1,0
27.0,0.0,272,25,3,42,6,2,1,0
82.6,30.0,0,509,2,38,9,2,0,1
59.0,50.0,0,1880,156,38,9,2,0,1
35.0,0.0,41,154,31,42,6,2,1,0
28.0,0.0,386,51,83,25,5,1,1,0
58.0,0.0,0,883,2,38,9,2,0,0
54.95,0.0,160,5,104,6,1,0,1,0
100.0,0.0,158,229,114,1,0,2,1,0
65.0,0.0,179,145,120,34,7,1,1,0
54.95,0.0,151,5,104,6,1,0,1,0
55.0,20.9,35,265,75,13,2,2,1,1
25.6,60.0,0,321,76,25,5,1,0,1
54.95,0.0,26,10,104,6,1,0,1,0
54.95,0.0,134,10,104,6,1,0,1,0
44.99,0.0,168,836,100,37,8,2,1,0
38.0,0.0,0,108,85,25,5,1,0,0
45.0,0.0,0,260,120,34,7,1,0,0
28.0,0.0,145,292,33,42,6,2,1,0
34.99,30.0,0,3020,100,37,8,2,0,1
99.95,0.0,143,10,70,6,1,0,1,0
12.0,60.0,0,321,85,25,5,1,0,1
57.0,28.3,216,215,75,13,2,2,1,1
38.0,30.9,0,1634,55,38,9,2,0,1
1.49,0.0,84,365,44,46,3,3,1,0
79.0,39.2,84,257,114,1,0,2,1,1
38.0,0.0,0,1703,2,38,9,2,0,0
150.0,0.0,0,473,2,38,9,2,0,0
15.99,0.0,116,365,73,46,4,3,1,0
100.0,0.0,70,75,114,1,0,2,1,0
90.0,0.0,149,47,114,1,0,2,1,0
24.0,0.0,0,58,152,25,5,1,0,0
84.0,50.0,0,865,55,38,9,2,0,1
50.0,0.0,80,23,80,25,5,1,1,0
30.0,0.0,134,27,84,25,5,1,1,0
34.95,0.0,50,10,104,6,1,0,1,0
74.0,46.4,0,1634,156,38,9,2,0,1
26.0,0.0,105,534,63,42,6,2,1,0
44.0,0.0,0,321,151,25,5,1,0,0
178.0,0.0,73,289,156,38,9,2,1,0
59.5,0.0,98,232,75,13,2,2,1,0
69.0,0.0,107,10,48,6,1,0,1,0
131.4,10.0,15,320,16,42,6,2,1,1
101.7,10.0,24,745,16,43,6,2,1,1
42.0,0.0,0,321,144,25,5,1,0,0
58.0,0.0,67,115,120,34,7,1,1,0
64.5,0.0,48,25,75,13,2,2,1,0
40.0,20.0,44,321,144,25,5,1,1,1
8.99,12.1,22,365,54,46,3,3,1,1
78.0,0.0,59,23,85,25,5,1,1,0
30.0,0.0,0,321,148,25,5,1,0,0
78.0,46.2,0,1880,25,38,9,2,0,1
69.0,61.2,0,1880,102,38,9,2,0,1
48.0,0.0,128,145,120,34,7,1,1,0
140.0,0.0,21,47,114,1,0,2,1,0
65.0,0.0,43,160,120,34,7,1,1,0
100.0,20.0,0,1703,156,38,9,2,0,1
59.5,0.0,123,19,75,12,2,2,1,0
54.95,0.0,53,10,104,6,1,0,1,0
20.99,30.0,112,1934,17,37,8,2,1,1
68.0,0.0,0,321,139,25,5,1,0,0
34.95,0.0,37,10,104,6,1,0,1,0
25.0,0.0,123,4,110,44,6,2,1,0
54.95,0.0,62,5,104,6,1,0,1,0
100.0,0.0,118,486,114,1,0,2,1,0
43.2,20.0,260,79,141,25,5,1,1,1
55.0,50.0,148,170,114,1,0,2,1,1
82.8,40.0,0,793,12,38,9,2,0,1
85.5,10.0,31,60,16,43,6,2,1,1
49.95,0.0,88,10,104,6,1,0,1,0
1025.0,0.0,0,1880,127,38,9,2,0,0
54.0,0.0,153,145,120,34,7,1,1,0
55.0,0.0,42,103,120,34,7,1,1,0
45.0,40.0,0,1436,2,38,9,2,0,1
88.0,0.0,109,262,2,38,9,2,1,0
99.0,34.0,116,523,114,1,0,2,1,1
60.0,0.0,67,58,146,25,5,1,1,0
54.95,0.0,107,5,104,6,1,0,1,0
40.0,0.0,0,321,137,25,5,1,0,0
78.0,33.9,0,1880,55,38,9,2,0,1
49.95,0.0,139,10,104,6,1,0,1,0
57.5,29.9,0,1634,55,38,9,2,0,1
48.0,20.0,0,321,144,25,5,1,0,1
54.95,0.0,132,10,104,6,1,0,1,0
34.95,0.0,68,10,104,6,1,0,1,0
115.0,0.0,12,75,114,1,0,2,1,0
45.0,0.0,0,269,136,25,5,1,0,0
89.0,25.8,69,10,114,1,0,2,1,1
44.0,0.0,0,25,141,25,5,1,0,0
55.0,0.0,51,5,120,34,7,1,1,0
32.0,0.0,226,137,120,34,7,1,1,0
54.95,0.0,29,10,104,6,1,0,1,0
38.4,20.0,0,862,2,38,9,2,0,1
40.0,42.4,49,265,75,13,2,2,1,1
82.8,40.0,0,313,55,38,9,2,0,1
20.7,64.3,0,260,120,34,7,1,0,1
15.7,50.9,0,260,120,34,7,1,0,1
34.99,0.0,68,3239,100,37,8,2,1,0
100.0,0.0,0,321,139,25,5,1,0,0
69.0,0.0,42,10,48,6,1,0,1,0
32.0,0.0,186,51,120,34,7,1,1,0
34.95,0.0,70,10,104,6,1,0,1,0
158.4,10.0,16,306,16,42,6,2,1,1
64.5,0.0,33,151,75,12,2,2,1,0
18.0,70.0,0,260,120,34,7,1,0,1
54.95,0.0,157,5,104,6,1,0,1,0
60.0,0.0,86,108,140,25,5,1,1,0
55.0,0.0,0,185,120,34,7,1,0,0
54.95,0.0,28,5,104,6,1,0,1,0
69.5,0.0,23,19,75,12,2,2,1,0
49.95,0.0,112,10,104,6,1,0,1,0
69.99,0.0,48,1900,51,37,8,2,1,0
38.0,0.0,0,23,152,25,5,1,0,0
56.0,0.0,67,51,139,25,5,1,1,0
59.99,0.0,140,298,36,37,8,2,1,0
64.0,50.0,0,1013,156,38,9,2,0,1
98.0,41.7,0,1703,55,38,9,2,0,1
250.0,0.0,0,1318,2,38,9,2,0,0
499.99,2.0,26,365,41,27,3,3,1,1
140.0,0.0,30,75,114,1,0,2,1,0
54.95,0.0,133,10,104,6,1,0,1,0
21.0,30.0,39,321,8,25,5,1,1,1
59.5,0.0,59,232,75,13,2,2,1,0
33.6,20.0,17,79,79,25,5,1,1,1
50.0,0.0,91,145,120,34,7,1,1,0
39.95,0.0,18,10,126,6,1,0,1,0
38.0,0.0,89,47,154,25,5,1,1,0
59.5,0.0,47,52,75,13,2,2,1,0
29.4,30.0,405,321,147,25,5,1,1,1
15.0,57.1,56,250,118,1,0,2,1,1
64.0,50.0,0,1341,156,38,9,2,0,1
95.0,0.0,105,47,114,1,0,2,1,0
63.0,10.0,65,663,16,42,6,2,1,1
48.0,20.0,0,321,140,25,5,1,0,1
50.0,0.0,91,137,120,34,7,1,1,0
7.0,56.2,295,250,118,1,0,2,1,1
54.0,0.0,19,23,120,34,7,1,1,0
69.0,0.0,109,10,48,6,1,0,1,0
183.0,0.0,22,696,66,42,6,2,1,0
32.0,20.0,80,79,83,25,5,1,1,1
75.6,10.0,131,606,16,42,6,2,1,1
102.0,29.7,28,355,114,1,0,2,1,1
69.0,44.8,0,1880,156,38,9,2,0,1
90.0,0.0,27,376,7,1,0,2,1,0
64.5,0.0,0,72,75,13,2,2,0,0
38.0,0.0,46,321,85,25,5,1,1,0
50.0,0.0,134,936,7,1,0,2,1,0
35.0,0.0,156,10,71,6,1,0,1,0
48.0,29.4,0,1832,55,38,9,2,0,1
69.0,0.0,81,10,48,6,1,0,1,0
91.0,30.0,69,215,114,1,0,2,1,1
45.0,0.0,24,145,120,34,7,1,1,0
44.5,0.0,59,40,75,13,2,2,1,0
33.6,30.0,0,912,2,38,9,2,0,1
59.0,50.0,0,1342,12,38,9,2,0,1
120.0,0.0,19,26,114,1,0,2,1,0
2.0,0.0,184,349,110,44,6,2,1,0
30.0,50.0,0,215,120,34,7,1,0,1
42.0,30.0,31,321,144,25,5,1,1,1
66.0,0.0,142,321,80,25,5,1,1,0
46.0,0.0,51,103,120,34,7,1,1,0
68.0,0.0,90,207,120,34,7,1,1,0
91.0,30.0,117,58,114,1,0,2,1,1
45.0,0.0,43,450,118,1,0,2,1,0
90.0,0.0,216,75,7,1,0,2,1,0
30.0,0.0,0,269,145,25,5,1,0,0
67.5,50.0,0,1341,156,38,9,2,0,1
79.5,0.0,22,19,75,13,2,2,1,0
148.0,0.0,0,1415,12,38,9,2,0,0
16.0,20.0,0,321,149,25,5,1,0,1
34.95,0.0,19,10,104,6,1,0,1,0
49.0,50.0,0,1081,12,38,9,2,0,1
20.0,0.0,223,23,118,25,5,1,1,0
70.0,0.0,85,586,55,38,9,2,1,0
59.5,0.0,80,232,75,13,2,2,1,0
64.5,0.0,115,25,75,13,2,2,1,0
54.95,0.0,14,10,104,6,1,0,1,0
64.5,0.0,94,397,1,12,2,2,1,0
70.0,0.0,43,251,55,38,9,2,1,0
62.4,20.0,0,321,139,25,5,1,0,1
49.95,0.0,112,10,104,6,1,0,1,0
36.0,0.0,53,207,120,34,7,1,1,0
29.0,50.0,0,1095,55,38,9,2,0,1
17.5,65.0,0,260,120,34,7,1,0,1
132.3,10.0,13,108,16,42,6,2,1,1
7.99,18.9,68,365,54,46,3,3,1,1
18.0,0.0,0,321,155,25,5,1,0,0
16.0,0.0,0,110,95,25,5,1,0,0
25.0,50.0,193,215,120,34,7,1,1,1
219.6,10.0,8,130,16,42,6,2,1,1
82.8,40.0,0,974,12,38,9,2,0,1
31.99,28.9,70,885,19,37,8,2,1,1
69.5,0.0,47,450,75,12,2,2,1,0
48.0,20.0,536,79,140,25,5,1,1,1
91.0,30.0,105,173,114,1,0,2,1,1
38.0,0.0,36,5,120,34,7,1,1,0
76.8,40.0,0,695,156,38,9,2,0,1
36.9,10.0,174,535,16,42,6,2,1,1
22.5,50.0,0,641,55,38,9,2,0,1
14.99,4.2,74,365,44,46,3,3,1,1
26.0,0.0,214,476,67,45,6,2,1,0
84.0,50.0,0,1341,55,38,9,2,0,1
36.0,40.0,0,260,120,34,7,1,0,1
48.0,20.0,0,321,139,25,5,1,0,1
135.0,0.0,22,47,114,1,0,2,1,0
56.0,0.0,56,77,120,34,7,1,1,0
30.4,20.0,0,321,141,25,5,1,0,1
60.0,0.0,52,77,120,34,7,1,1,0
64.5,0.0,144,1292,0,12,2,2,1,0
20.0,0.0,262,534,59,42,6,2,1,0
76.8,40.0,0,667,156,38,9,2,0,1
45.99,29.2,14,2640,106,37,8,2,1,1
49.99,0.0,148,298,36,37,8,2,1,0
68.0,0.0,109,160,120,34,7,1,1,0
17.0,42.4,179,29,75,12,2,2,1,1
64.0,20.0,63,110,80,25,5,1,1,1
19.99,0.0,231,549,2,37,8,2,1,0
40.0,20.0,33,79,82,25,5,1,1,1
94.5,30.0,0,1521,156,38,9,2,0,1
46.0,0.0,76,60,146,25,5,1,1,0
61.0,37.8,0,1703,55,38,9,2,0,1
79.99,0.0,34,328,131,37,8,2,1,0
30.4,20.0,51,321,83,25,5,1,1,1
40.0,0.0,0,321,137,25,5,1,0,0
79.0,42.8,0,1703,12,38,9,2,0,1
49.99,0.0,0,73,51,37,8,2,0,0
34.0,0.0,53,23,152,25,5,1,1,0
30.0,49.6,98,264,75,13,2,2,1,1
23.8,30.0,0,321,152,25,5,1,0,1
69.0,50.0,0,807,156,38,9,2,0,1
34.95,0.0,26,10,104,6,1,0,1,0
34.95,0.0,192,10,104,6,1,0,1,0
60.0,0.0,146,23,140,25,5,1,1,0
38.0,0.0,86,24,85,25,5,1,1,0
100.0,0.0,22,47,114,1,0,2,1,0
98.0,23.4,0,1612,12,38,9,2,0,1
54.95,0.0,109,10,104,6,1,0,1,0
89.5,0.0,104,232,75,13,2,2,1,0
32.0,20.0,97,110,85,25,5,1,1,1
26.0,0.0,0,321,147,25,5,1,0,0
36.0,0.0,45,51,85,25,5,1,1,0
50.0,0.0,121,215,7,1,0,2,1,0
49.95,0.0,238,10,104,6,1,0,1,0
64.0,50.0,0,1341,12,38,9,2,0,1
52.0,0.0,8,59,120,34,7,1,1,0
74.5,0.0,96,179,75,13,2,2,1,0
49.95,0.0,104,10,104,6,1,0,1,0
54.4,20.0,0,321,140,25,5,1,0,1
76.8,40.0,0,957,156,38,9,2,0,1
50.4,10.0,130,321,80,25,5,1,1,1
19.8,10.0,0,321,84,25,5,1,0,1
28.0,0.0,0,321,152,25,5,1,0,0
24.95,0.0,187,10,6,6,1,0,1,0
54.0,0.0,0,321,140,25,5,1,0,0
99.0,34.0,11,886,114,1,0,2,1,1
38.0,0.0,0,18,140,25,5,1,0,0
2499.99,14.4,60,365,41,3,3,3,1,1
38.0,0.0,140,213,120,34,7,1,1,0
137.7,10.0,11,130,16,42,6,2,1,1
18.4,72.9,0,260,120,34,7,1,0,1
36.0,0.0,0,321,133,25,5,1,0,0
31.99,28.9,45,3293,100,37,8,2,1,1
38.4,20.0,0,149,146,25,5,1,0,1
79.5,0.0,37,88,75,13,2,2,1,0
31.0,50.0,0,260,120,34,7,1,0,1
48.0,0.0,104,51,80,25,5,1,1,0
54.95,0.0,167,5,104,6,1,0,1,0
40.0,0.0,115,23,79,25,5,1,1,0
100.0,0.0,53,47,114,1,0,2,1,0
54.95,0.0,187,10,104,6,1,0,1,0
35.2,20.0,75,321,148,25,5,1,1,1
55.0,0.0,72,59,120,34,7,1,1,0
62.4,20.0,0,321,139,25,5,1,0,1
54.95,0.0,113,10,104,6,1,0,1,0
39.6,10.0,0,110,8,25,5,1,0,1
28.8,20.0,0,321,79,25,5,1,0,1
40.0,0.0,116,51,147,25,5,1,1,0
30.8,30.0,0,321,144,25,5,1,0,1
49.95,0.0,97,10,104,6,1,0,1,0
38.0,0.0,62,59,120,34,7,1,1,0
48.0,20.0,0,110,146,25,5,1,0,1
45.0,0.0,231,355,7,1,0,2,1,0
150.0,0.0,11,176,114,1,0,2,1,0
79.2,10.0,111,108,16,42,6,2,1,1
49.95,0.0,135,10,104,6,1,0,1,0
45.95,0.0,85,10,68,6,1,0,1,0
32.4,10.0,79,110,134,25,5,1,1,1
40.0,20.0,37,321,82,25,5,1,1,1
32.0,0.0,148,1200,31,42,6,2,1,0
48.0,0.0,115,137,120,34,7,1,1,0
55.0,0.0,99,47,114,1,0,2,1,0
36.0,0.0,76,321,85,25,5,1,1,0
25.0,0.0,97,247,110,44,6,2,1,0
36.4,30.0,44,321,147,25,5,1,1,1
59.5,0.0,128,19,75,12,2,2,1,0
25.6,60.0,0,321,140,25,5,1,0,1
11.9,80.2,0,260,120,34,7,1,0,1
70.0,40.7,0,1860,12,38,9,2,0,1
48.0,0.0,0,321,82,25,5,1,0,0
40.0,0.0,103,123,8,25,5,1,1,0
79.5,0.0,88,24,75,13,2,2,1,0
46.0,0.0,0,79,85,25,5,1,0,0
69.5,0.0,25,806,75,12,2,2,1,0
54.95,0.0,36,10,104,6,1,0,1,0
62.5,50.0,0,1076,156,38,9,2,0,1
15.6,72.1,0,260,120,34,7,1,0,1
76.0,0.0,265,51,120,34,7,1,1,0
150.0,0.0,0,22,2,38,9,2,0,0
56.0,29.6,19,206,75,13,2,2,1,1
64.0,50.0,0,1062,12,38,9,2,0,1
38.0,0.0,56,321,140,25,5,1,1,0
150.0,0.0,0,473,2,38,9,2,0,0
69.0,0.0,92,10,48,6,1,0,1,0
34.95,0.0,200,10,104,6,1,0,1,0
52.0,0.0,238,34,120,34,7,1,1,0
69.0,0.0,147,10,48,6,1,0,1,0
32.0,15.8,0,1703,2,38,9,2,0,1
60.0,0.0,109,144,80,25,5,1,1,0
58.0,0.0,79,23,80,25,5,1,1,0
54.95,0.0,86,5,104,6,1,0,1,0
15.0,70.0,0,321,151,25,5,1,0,1
68.0,0.0,42,23,120,34,7,1,1,0
38.0,30.9,0,1625,55,38,9,2,0,1
2.0,0.0,137,4,110,44,6,2,1,0
100.0,0.0,30,75,114,1,0,2,1,0
30.8,30.0,0,321,144,25,5,1,0,1
64.0,0.0,18,59,120,34,7,1,1,0
45.0,50.0,49,383,114,1,0,2,1,1
100.0,0.0,65,2333,114,1,0,2,1,0
62.0,0.0,70,24,83,25,5,1,1,0
45.9,10.0,69,663,16,42,6,2,1,1
44.0,0.0,0,321,151,25,5,1,0,0
6.1,80.9,0,260,120,34,7,1,0,1
115.0,0.0,41,75,114,1,0,2,1,0
84.0,50.0,0,774,55,38,9,2,0,1
39.2,30.0,0,321,139,25,5,1,0,1
49.95,0.0,50,10,104,6,1,0,1,0
39.0,60.2,0,1880,102,38,9,2,0,1
69.5,0.0,39,232,75,13,2,2,1,0
54.95,0.0,88,10,104,6,1,0,1,0
109.99,0.0,62,365,92,33,3,3,1,0
55.0,50.0,94,138,114,1,0,2,1,1
34.99,0.0,139,3431,2,37,8,2,1,0
28.0,0.0,0,967,2,38,9,2,0,0
68.0,0.0,24,137,120,34,7,1,1,0
54.95,0.0,112,10,104,6,1,0,1,0
78.0,0.0,139,51,120,34,7,1,1,0
89.99,0.0,68,1180,51,37,8,2,1,0
44.5,0.0,283,88,75,13,2,2,1,0
34.95,0.0,118,10,104,6,1,0,1,0
38.0,0.0,70,173,120,34,7,1,1,0
60.0,0.0,157,26,120,34,7,1,1,0
54.95,0.0,62,10,104,6,1,0,1,0
64.0,0.0,99,207,120,34,7,1,1,0
131.0,30.3,0,1415,156,38,9,2,0,1
20.0,47.4,233,656,118,1,0,2,1,1
28.0,0.0,0,18,147,25,5,1,0,0
229.6,30.0,0,905,102,38,9,2,0,1
40.5,10.0,27,586,16,42,6,2,1,1
49.95,0.0,105,10,104,6,1,0,1,0
70.0,30.0,127,439,114,1,0,2,1,1
120.0,0.0,55,75,114,1,0,2,1,0
34.95,0.0,83,10,104,6,1,0,1,0
69.0,0.0,83,10,48,6,1,0,1,0
54.95,0.0,36,5,104,6,1,0,1,0
54.0,0.0,134,145,120,34,7,1,1,0
69.5,0.0,217,25,75,13,2,2,1,0
20.99,30.0,82,2168,131,37,8,2,1,1
69.0,0.0,32,10,48,6,1,0,1,0
46.0,0.0,94,108,147,25,5,1,1,0
49.95,0.0,52,10,104,6,1,0,1,0
72.0,0.0,67,51,120,34,7,1,1,0
35.2,20.0,335,110,152,25,5,1,1,1
32.0,0.0,130,27,87,25,5,1,1,0
49.0,57.4,20,439,114,1,0,2,1,1
105.0,0.0,14,47,114,1,0,2,1,0
40.0,20.0,186,321,148,25,5,1,1,1
34.95,0.0,63,10,104,6,1,0,1,0
60.0,0.0,43,25,140,25,5,1,1,0
36.8,20.0,0,79,147,25,5,1,0,1
131.0,0.0,10,705,66,42,6,2,1,0
28.0,0.0,89,51,84,25,5,1,1,0
29.99,0.0,0,73,94,37,8,2,0,0
48.0,0.0,69,26,120,34,7,1,1,0
50.0,0.0,0,79,85,25,5,1,0,0
30.6,10.0,94,110,8,25,5,1,1,1
110.0,0.0,9,75,114,1,0,2,1,0
117.6,30.0,0,426,156,38,9,2,0,1
54.95,0.0,17,5,104,6,1,0,1,0
99.0,50.0,0,752,102,38,9,2,0,1
25.0,0.0,0,269,87,25,5,1,0,0
44.0,0.0,92,58,144,25,5,1,1,0
45.0,0.0,104,185,120,34,7,1,1,0
49.0,64.5,0,1880,156,38,9,2,0,1
48.0,20.0,0,151,146,25,5,1,0,1
54.5,0.0,135,232,75,13,2,2,1,0
112.8,40.0,22,142,55,38,9,2,1,1
105.0,0.0,30,75,114,1,0,2,1,0
32.4,10.0,0,321,85,25,5,1,0,1
50.0,43.2,0,1703,115,38,9,2,0,1
32.2,30.0,121,321,151,25,5,1,1,1
52.0,0.0,193,77,120,34,7,1,1,0
38.0,0.0,0,1880,2,38,9,2,0,0
94.0,0.0,155,23,139,25,5,1,1,0
69.5,0.0,201,19,75,12,2,2,1,0
19.99,12.1,79,365,54,46,3,3,1,1
128.0,0.0,4,365,55,38,9,2,1,0
45.0,43.4,65,216,123,12,2,2,1,1
58.0,0.0,0,1300,2,38,9,2,0,0
66.0,0.0,0,23,147,25,5,1,0,0
28.0,0.0,280,321,134,25,5,1,1,0
54.95,0.0,6,5,104,6,1,0,1,0
40.0,0.0,95,51,120,34,7,1,1,0
59.0,50.0,0,1114,156,38,9,2,0,1
64.5,0.0,34,53,75,13,2,2,1,0
139.3,30.0,8,145,5,42,6,2,1,1
63.0,20.8,14,179,75,13,2,2,1,1
59.4,10.0,35,663,16,42,6,2,1,1
54.95,0.0,21,5,104,6,1,0,1,0
44.5,0.0,182,264,75,13,2,2,1,0
34.0,0.0,0,149,152,25,5,1,0,0
25.6,20.0,79,110,85,25,5,1,1,1
66.0,0.0,0,321,140,25,5,1,0,0
42.0,30.0,0,321,144,25,5,1,0,1
119.99,0.0,14,801,130,37,8,2,1,0
52.0,0.0,90,77,120,34,7,1,1,0
56.0,0.0,128,244,120,34,7,1,1,0
99.0,29.3,32,17,114,1,0,2,1,1
60.0,0.0,85,207,120,34,7,1,1,0
49.0,50.0,0,1612,12,38,9,2,0,1
20.8,20.0,294,321,83,25,5,1,1,1
45.0,50.0,39,383,114,1,0,2,1,1
191.7,10.0,6,123,16,42,6,2,1,1
30.0,0.0,0,1880,37,38,9,2,0,0
51.3,10.0,51,271,16,42,6,2,1,1
32.0,20.0,0,321,80,25,5,1,0,1
54.95,0.0,72,10,104,6,1,0,1,0
89.0,17.6,0,1880,156,38,9,2,0,1
99.0,50.0,0,1880,102,38,9,2,0,1
46.4,20.0,0,1789,2,38,9,2,0,1
12.6,70.0,0,260,120,34,7,1,0,1
40.0,0.0,44,51,120,34,7,1,1,0
100.0,0.0,136,250,114,1,0,2,1,0
62.0,0.0,53,26,120,34,7,1,1,0
62.5,50.0,0,761,156,38,9,2,0,1
49.95,0.0,141,10,104,6,1,0,1,0
89.5,0.0,14,232,75,13,2,2,1,0
66.0,0.0,59,73,111,43,6,2,1,0
35.2,20.0,0,130,144,25,5,1,0,1
54.95,0.0,50,5,104,6,1,0,1,0
66.0,52.9,152,173,114,1,0,2,1,1
38.0,45.3,178,28,75,12,2,2,1,1
44.0,0.0,0,151,137,25,5,1,0,0
15.0,70.0,0,260,120,34,7,1,0,1
56.0,0.0,0,163,139,25,5,1,0,0
120.0,0.0,17,75,114,1,0,2,1,0
208.0,0.0,8,330,102,38,9,2,1,0
25.0,50.0,88,215,120,34,7,1,1,1
117.6,30.0,0,575,55,38,9,2,0,1
44.0,0.0,88,23,151,25,5,1,1,0
62.0,0.0,143,5,120,34,7,1,1,0
54.0,30.8,0,1415,55,38,9,2,0,1
30.0,0.0,0,321,148,25,5,1,0,0
35.0,30.0,0,321,146,25,5,1,0,1
131.6,30.0,0,1415,156,38,9,2,0,1
54.95,0.0,127,5,104,6,1,0,1,0
6.5,83.8,0,260,120,34,7,1,0,1
54.5,0.0,0,232,75,13,2,2,0,0
64.5,0.0,152,89,75,13,2,2,1,0
64.5,0.0,144,61,75,13,2,2,1,0
238.0,0.0,10,29,102,38,9,2,1,0
34.0,0.0,0,110,79,25,5,1,0,0
79.99,0.0,69,1369,130,37,8,2,1,0
49.95,0.0,49,10,104,6,1,0,1,0
39.99,0.0,128,549,2,37,8,2,1,0
26.0,0.0,0,23,84,25,5,1,0,0
35.0,30.0,138,149,80,25,5,1,1,1
48.0,0.0,96,103,120,34,7,1,1,0
39.0,50.9,14,327,75,12,2,2,1,1
49.0,59.2,92,194,114,1,0,2,1,1
89.99,0.0,0,484,47,37,8,2,0,0
17.6,60.0,0,321,8,25,5,1,0,1
54.0,0.0,45,23,120,34,7,1,1,0
54.95,0.0,99,10,104,6,1,0,1,0
58.0,0.0,0,492,2,38,9,2,0,0
70.0,30.0,253,396,114,1,0,2,1,1
34.0,0.0,10,23,152,25,5,1,1,0
32.0,0.0,150,795,32,42,6,2,1,0
62.0,0.0,71,173,120,34,7,1,1,0
45.95,0.0,167,10,68,6,1,0,1,0
54.0,0.0,141,51,140,25,5,1,1,0
120.0,0.0,32,26,114,1,0,2,1,0
63.0,20.8,53,267,75,13,2,2,1,1
64.0,50.0,0,1298,12,38,9,2,0,1
12.0,0.0,0,321,155,25,5,1,0,0
95.0,0.0,92,417,7,1,0,2,1,0
32.0,0.0,0,23,85,25,5,1,0,0
34.0,0.0,23,51,84,25,5,1,1,0
135.0,0.0,41,47,114,1,0,2,1,0
59.99,0.0,62,250,130,37,8,2,1,0
94.0,30.4,0,1488,156,38,9,2,0,1
69.5,0.0,36,232,75,13,2,2,1,0
40.6,30.0,0,1114,55,38,9,2,0,1
46.0,0.0,69,160,120,34,7,1,1,0
50.0,0.0,249,936,7,1,0,2,1,0
26.6,30.0,0,551,2,38,9,2,0,1
40.0,42.4,0,32,75,12,2,2,0,1
99.0,29.3,271,17,114,1,0,2,1,1
49.95,0.0,75,10,104,6,1,0,1,0
32.0,0.0,0,321,84,25,5,1,0,0
54.95,0.0,155,10,104,6,1,0,1,0
63.0,20.8,61,108,75,13,2,2,1,1
54.95,0.0,125,10,104,6,1,0,1,0
26.4,40.0,0,321,8,25,5,1,0,1
32.0,54.0,163,304,75,13,2,2,1,1
62.0,0.0,62,77,120,34,7,1,1,0
34.0,0.0,28,606,116,42,6,2,1,0
89.5,0.0,189,19,75,13,2,2,1,0
1999.99,4.7,24,365,56,4,3,3,1,1
399.99,0.0,9,75,26,37,8,2,1,0
56.0,0.0,0,23,148,25,5,1,0,0
38.0,0.0,44,59,120,34,7,1,1,0
49.95,0.0,83,10,104,6,1,0,1,0
40.0,20.0,0,79,85,25,5,1,0,1
62.0,0.0,83,59,120,34,7,1,1,0
178.0,0.0,34,519,12,38,9,2,1,0
49.95,0.0,112,10,104,6,1,0,1,0
65.0,0.0,121,34,120,34,7,1,1,0
64.0,50.0,0,1298,12,38,9,2,0,1
20.0,0.0,273,125,2,25,5,1,1,0
68.0,0.0,31,103,120,34,7,1,1,0
32.0,0.0,121,321,79,25,5,1,1,0
61.6,30.0,0,711,12,38,9,2,0,1
22.3,0.0,169,365,73,46,4,3,1,0
64.5,0.0,153,107,75,12,2,2,1,0
62.1,10.0,46,271,16,42,6,2,1,1
51.2,20.0,0,321,82,25,5,1,0,1
82.8,40.0,216,250,156,38,9,2,1,1
32.0,0.0,0,27,79,25,5,1,0,0
150.0,0.0,21,176,114,1,0,2,1,0
68.0,0.0,72,51,120,34,7,1,1,0
39.95,0.0,0,1080,2,38,9,2,0,0
89.5,0.0,0,232,75,13,2,2,0,0
64.0,50.0,0,774,156,38,9,2,0,1
34.95,0.0,8,10,104,6,1,0,1,0
94.8,40.0,0,492,156,38,9,2,0,1
79.5,0.0,148,636,75,12,2,2,1,0
28.0,0.0,104,48,154,25,5,1,1,0
48.0,0.0,105,23,148,25,5,1,1,0
49.5,0.0,69,25,75,13,2,2,1,0
35.0,30.0,0,321,82,25,5,1,0,1
52.0,0.0,150,244,120,34,7,1,1,0
58.0,0.0,37,103,120,34,7,1,1,0
46.0,0.0,51,260,120,34,7,1,1,0
68.0,0.0,35,16,120,34,7,1,1,0
79.0,36.8,0,1880,156,38,9,2,0,1
82.0,39.3,0,1751,156,38,9,2,0,1
187.2,10.0,57,96,16,42,6,2,1,1
40.8,40.0,41,142,2,38,9,2,1,1
25.6,20.0,0,321,45,25,5,1,0,1
12.99,12.2,91,365,9,11,3,3,1,1
54.95,0.0,136,10,104,6,1,0,1,0
54.0,0.0,158,34,120,34,7,1,1,0
46.0,0.0,46,58,151,25,5,1,1,0
50.0,28.1,51,1166,75,12,2,2,1,1
26.6,30.0,0,321,82,25,5,1,0,1
50.0,0.0,61,47,114,1,0,2,1,0
89.5,0.0,150,232,75,13,2,2,1,0
38.0,41.1,31,32,75,12,2,2,1,1
89.0,30.5,0,1415,156,38,9,2,0,1
100.0,0.0,30,192,120,34,7,1,1,0
52.8,40.0,64,148,2,38,9,2,1,1
49.95,0.0,246,10,104,6,1,0,1,0
89.99,0.0,0,321,131,37,8,2,0,0
120.0,0.0,19,75,114,1,0,2,1,0
17.99,28.0,66,1676,131,37,8,2,1,1
69.0,0.0,148,10,48,6,1,0,1,0
46.0,0.0,138,5,120,34,7,1,1,0
44.95,0.0,124,10,101,6,1,0,1,0
79.5,0.0,289,19,75,13,2,2,1,0
56.0,0.0,12,51,144,25,5,1,1,0
44.0,0.0,56,23,84,25,5,1,1,0
11.4,70.0,0,260,120,34,7,1,0,1
89.5,0.0,111,19,75,12,2,2,1,0
47.95,30.5,35,10,48,6,1,0,1,1
38.0,0.0,117,59,120,34,7,1,1,0
29.99,0.0,86,298,36,37,8,2,1,0
62.0,0.0,55,5,120,34,7,1,1,0
74.0,0.0,110,9,80,25,5,1,1,0
42.0,0.0,70,212,120,34,7,1,1,0
23.0,50.0,179,321,83,25,5,1,1,1
105.0,0.0,4,47,114,1,0,2,1,0
28.0,0.0,126,27,86,25,5,1,1,0
54.95,0.0,59,10,104,6,1,0,1,0
54.5,0.0,42,232,75,13,2,2,1,0
95.0,0.0,18,47,114,1,0,2,1,0
22.0,0.0,417,37,118,25,5,1,1,0
70.0,30.0,68,396,114,1,0,2,1,1
168.0,0.0,24,1415,2,38,9,2,1,0
69.99,53.3,89,579,122,37,8,2,1,1
40.0,0.0,188,321,141,25,5,1,1,0
62.0,0.0,83,173,120,34,7,1,1,0
45.0,0.0,175,173,120,34,7,1,1,0
50.0,0.0,0,321,140,25,5,1,0,0
44.95,0.0,187,10,101,6,1,0,1,0
102.0,29.7,27,355,114,1,0,2,1,1
15.0,0.0,0,269,155,25,5,1,0,0
49.95,0.0,34,10,104,6,1,0,1,0
21.0,30.0,0,321,151,25,5,1,0,1
95.0,0.0,106,47,114,1,0,2,1,0
52.2,10.0,156,321,147,25,5,1,1,1
62.0,0.0,226,16,120,34,7,1,1,0
57.6,10.0,161,321,82,25,5,1,1,1
64.0,50.0,0,1013,156,38,9,2,0,1
79.5,0.0,133,53,75,13,2,2,1,0
40.8,40.0,92,142,2,38,9,2,1,1
49.0,54.6,0,1880,156,38,9,2,0,1
15.0,70.0,0,260,120,34,7,1,0,1
88.0,0.0,50,593,55,38,9,2,1,0
30.0,50.0,0,260,120,34,7,1,0,1
70.0,33.3,59,241,114,1,0,2,1,1
158.4,10.0,49,858,16,42,6,2,1,1
56.0,0.0,0,321,151,25,5,1,0,0
38.0,0.0,0,1612,55,38,9,2,0,0
76.5,10.0,92,60,16,43,6,2,1,1
32.0,0.0,35,23,87,25,5,1,1,0
56.99,0.0,198,365,132,46,4,3,1,0
78.0,37.6,0,1880,156,38,9,2,0,1
89.6,30.0,0,601,55,38,9,2,0,1
119.99,0.0,20,1172,129,37,8,2,1,0
38.0,0.0,0,321,134,25,5,1,0,0
16.8,30.0,0,27,85,25,5,1,0,1
100.0,0.0,83,229,114,1,0,2,1,0
30.0,0.0,373,103,120,34,7,1,1,0
39.0,28.4,0,19,75,12,2,2,0,1
40.0,0.0,223,23,79,25,5,1,1,0
55.0,0.0,24,261,55,38,9,2,1,0
98.0,0.0,208,415,7,1,0,2,1,0
49.95,0.0,191,10,104,6,1,0,1,0
32.0,0.0,32,51,85,25,5,1,1,0
78.0,40.0,108,173,114,1,0,2,1,1
24.0,50.0,87,321,83,25,5,1,1,1
21.0,0.0,353,675,59,42,6,2,1,0
48.0,20.0,0,110,146,25,5,1,0,1
79.99,0.0,180,1739,51,37,8,2,1,0
99.0,34.0,158,558,114,1,0,2,1,1
99.0,26.7,179,10,114,1,0,2,1,1
51.0,0.0,63,1138,66,42,6,2,1,0
153.0,10.0,15,60,16,43,6,2,1,1
98.0,0.0,145,46,2,38,9,2,1,0
70.0,0.0,47,137,120,34,7,1,1,0
54.95,0.0,24,10,104,6,1,0,1,0
78.0,0.0,141,103,120,34,7,1,1,0
54.95,0.0,129,5,104,6,1,0,1,0
59.5,0.0,76,151,75,12,2,2,1,0
25.0,0.0,153,234,110,44,6,2,1,0
99.0,29.3,124,47,114,1,0,2,1,1
69.5,0.0,51,88,75,13,2,2,1,0
32.0,0.0,298,38,134,25,5,1,1,0
81.0,40.0,0,674,156,38,9,2,0,1
60.0,0.0,0,153,146,25,5,1,0,0
70.0,0.0,0,185,120,34,7,1,0,0
40.0,0.0,118,144,83,25,5,1,1,0
56.0,0.0,0,76,151,25,5,1,0,0
75.0,23.5,0,1880,156,38,9,2,0,1
54.95,0.0,115,10,104,6,1,0,1,0
79.0,36.8,0,1880,156,38,9,2,0,1
50.0,0.0,42,133,120,34,7,1,1,0
26.0,0.0,0,321,148,25,5,1,0,0
43.2,20.0,0,76,90,25,5,1,0,1
48.0,0.0,75,185,120,34,7,1,1,0
89.99,0.0,74,3116,100,37,8,2,1,0
63.0,30.0,0,90,7,1,0,2,0,1
94.5,0.0,216,53,75,13,2,2,1,0
35.2,20.0,145,321,80,25,5,1,1,1
64.5,0.0,39,107,75,12,2,2,1,0
43.2,20.0,153,110,151,25,5,1,1,1
35.1,10.0,42,600,16,42,6,2,1,1
98.0,33.8,0,1873,156,38,9,2,0,1
65.0,0.0,218,159,55,38,9,2,1,0
93.0,40.0,103,205,156,38,9,2,1,1
49.95,0.0,135,10,104,6,1,0,1,0
48.0,0.0,71,51,80,25,5,1,1,0
49.5,0.0,40,627,75,12,2,2,1,0
49.95,0.0,43,10,104,6,1,0,1,0
105.0,0.0,15,194,114,1,0,2,1,0
100.0,0.0,33,250,114,1,0,2,1,0
33.6,20.0,32,79,79,25,5,1,1,1
59.5,0.0,81,193,75,13,2,2,1,0
40.0,0.0,214,77,120,34,7,1,1,0
79.5,0.0,42,19,75,13,2,2,1,0
79.99,0.0,49,198,51,37,8,2,1,0
94.0,50.0,0,500,156,38,9,2,0,1
36.0,0.0,112,544,111,42,6,2,1,0
44.0,0.0,73,58,144,25,5,1,1,0
38.0,0.0,0,321,85,25,5,1,0,0
13.6,60.0,0,321,2,25,5,1,0,1
63.0,10.0,19,130,16,42,6,2,1,1
22.0,0.0,101,51,85,25,5,1,1,0
95.0,0.0,202,145,120,34,7,1,1,0
47.0,21.0,209,151,75,13,2,2,1,1
58.0,0.0,173,60,2,38,9,2,1,0
32.0,15.8,0,1625,55,38,9,2,0,1
95.0,0.0,125,417,7,1,0,2,1,0
110.0,15.4,24,138,114,1,0,2,1,1
95.0,0.0,166,47,114,1,0,2,1,0
42.3,10.0,74,108,16,42,6,2,1,1
38.0,41.1,228,264,75,13,2,2,1,1
32.4,10.0,112,110,134,25,5,1,1,1
1.99,10.0,82,365,44,46,3,3,1,1
34.95,0.0,43,10,104,6,1,0,1,0
54.0,0.0,105,34,120,34,7,1,1,0
140.0,0.0,28,47,114,1,0,2,1,0
28.8,20.0,172,321,84,25,5,1,1,1
47.0,0.0,257,62,75,12,2,2,1,0
40.0,20.0,0,321,82,25,5,1,0,1
64.0,0.0,132,79,139,25,5,1,1,0
35.2,20.0,116,108,151,25,5,1,1,1
298.0,0.0,0,1880,102,38,9,2,0,0
89.6,30.0,0,488,156,38,9,2,0,1
54.95,0.0,228,10,104,6,1,0,1,0
54.95,0.0,97,5,104,6,1,0,1,0
28.8,60.0,0,88,2,25,5,1,0,1
47.6,30.0,0,321,82,25,5,1,0,1
49.0,61.7,0,1880,103,38,9,2,0,1
48.0,20.0,0,149,144,25,5,1,0,1
72.0,10.0,140,362,16,42,6,2,1,1
74.5,0.0,75,813,75,12,2,2,1,0
42.0,0.0,37,58,140,25,5,1,1,0
54.95,0.0,72,5,104,6,1,0,1,0
54.95,0.0,117,5,104,6,1,0,1,0
20.0,32.2,120,206,75,13,2,2,1,1
70.0,33.3,109,194,114,1,0,2,1,1
24.95,0.0,270,10,6,6,1,0,1,0
54.95,0.0,57,10,104,6,1,0,1,0
29.99,0.0,135,3431,108,37,8,2,1,0
38.0,0.0,18,795,38,42,6,2,1,0
100.0,0.0,55,250,114,1,0,2,1,0
118.0,37.2,0,1781,156,38,9,2,0,1
58.0,34.1,0,1880,115,38,9,2,0,1
140.0,0.0,11,491,114,1,0,2,1,0
150.0,0.0,0,474,2,38,9,2,0,0
60.3,10.0,64,123,16,42,6,2,1,1
24.0,20.0,0,321,151,25,5,1,0,1
55.0,0.0,43,47,114,1,0,2,1,0
9.6,40.0,0,321,142,25,5,1,0,1
11.6,63.7,0,260,120,34,7,1,0,1
52.0,0.0,79,207,120,34,7,1,1,0
63.0,20.8,80,267,75,13,2,2,1,1
54.95,0.0,58,10,104,6,1,0,1,0
38.0,0.0,177,26,120,34,7,1,1,0
8.0,0.0,117,23,138,25,5,1,1,0
12.1,78.0,0,260,120,34,7,1,0,1
29.0,0.0,72,194,111,43,6,2,1,0
79.0,39.2,180,355,114,1,0,2,1,1
25.0,0.0,157,121,110,44,6,2,1,0
35.2,20.0,0,321,152,25,5,1,0,1
52.8,20.0,94,321,137,25,5,1,1,1
198.9,10.0,23,108,16,42,6,2,1,1
49.5,0.0,49,211,75,12,2,2,1,0
37.8,30.0,0,321,140,25,5,1,0,1
49.95,0.0,46,10,104,6,1,0,1,0
69.5,0.0,230,232,75,13,2,2,1,0
35.2,20.0,0,130,146,25,5,1,0,1
54.95,0.0,149,10,104,6,1,0,1,0
89.5,0.0,198,232,75,13,2,2,1,0
89.5,0.0,88,232,75,13,2,2,1,0
13.5,73.0,0,260,120,34,7,1,0,1
60.0,0.0,223,25,140,25,5,1,1,0
69.5,0.0,325,232,75,13,2,2,1,0
54.95,0.0,87,10,104,6,1,0,1,0
45.0,0.0,128,145,120,34,7,1,1,0
64.0,20.0,0,321,76,25,5,1,0,1
23.0,0.0,113,907,32,42,6,2,1,0
34.5,0.0,189,626,75,12,2,2,1,0
42.0,0.0,18,59,120,34,7,1,1,0
54.95,0.0,166,5,104,6,1,0,1,0
76.0,0.0,226,30,85,25,5,1,1,0
60.0,0.0,348,77,120,34,7,1,1,0
169.2,10.0,21,123,16,42,6,2,1,1
20.0,0.0,0,321,118,25,5,1,0,0
140.0,0.0,21,47,114,1,0,2,1,0
51.3,10.0,142,717,16,42,6,2,1,1
44.5,0.0,100,19,75,13,2,2,1,0
54.0,0.0,94,745,39,43,6,2,1,0
60.0,0.0,95,77,120,34,7,1,1,0
14.0,0.0,145,51,142,25,5,1,1,0
59.0,50.0,62,1880,55,38,9,2,1,1
89.0,30.5,0,1612,12,38,9,2,0,1
45.0,0.0,0,160,120,34,7,1,0,0
80.0,50.0,70,229,114,1,0,2,1,1
5.0,64.3,0,492,118,1,0,2,0,1
100.0,0.0,26,75,114,1,0,2,1,0
153.0,10.0,38,123,16,42,6,2,1,1
48.0,0.0,31,77,120,34,7,1,1,0
61.2,10.0,0,321,140,25,5,1,0,1
99.0,26.7,81,10,114,1,0,2,1,1
42.0,0.0,240,213,120,34,7,1,1,0
48.0,17.2,0,1860,2,38,9,2,0,1
56.0,0.0,162,244,120,34,7,1,1,0
59.99,0.0,120,493,129,37,8,2,1,0
18.0,0.0,194,1200,30,42,6,2,1,0
10.0,59.2,267,369,75,12,2,2,1,1
69.0,0.0,160,10,48,6,1,0,1,0
76.8,40.0,0,318,12,38,9,2,0,1
32.0,0.0,139,27,79,25,5,1,1,0
98.0,0.0,59,415,7,1,0,2,1,0
8.5,83.0,0,260,120,34,7,1,0,1
68.0,0.0,95,160,120,34,7,1,1,0
49.95,0.0,107,10,104,6,1,0,1,0
50.0,0.0,155,207,120,34,7,1,1,0
141.3,10.0,40,108,16,42,6,2,1,1
55.0,50.0,182,138,114,1,0,2,1,1
40.0,20.0,0,321,147,25,5,1,0,1
5.99,0.7,13,365,54,46,3,3,1,1
69.5,0.0,88,232,75,13,2,2,1,0
138.6,10.0,6,130,16,42,6,2,1,1
26.0,0.0,109,51,85,25,5,1,1,0
38.0,0.0,62,321,85,25,5,1,1,0
149.0,50.0,0,1005,37,38,9,2,0,1
44.8,20.0,160,149,144,25,5,1,1,1
52.0,52.7,74,423,114,1,0,2,1,1
19.0,50.0,0,1740,2,38,9,2,0,1
30.4,20.0,36,321,151,25,5,1,1,1
64.8,40.0,57,213,55,38,9,2,1,1
44.0,0.0,295,23,80,25,5,1,1,0
36.0,10.0,92,321,83,25,5,1,1,1
55.0,14.7,0,25,75,12,2,2,0,1
59.0,39.8,36,169,7,1,0,2,1,1
45.0,0.0,62,77,120,34,7,1,1,0
49.95,0.0,77,10,104,6,1,0,1,0
66.0,0.0,77,207,120,34,7,1,1,0
35.0,30.0,0,149,80,25,5,1,0,1
27.0,21.7,110,32,75,12,2,2,1,1
49.99,0.0,0,3238,122,37,8,2,0,0
22.8,40.0,295,321,137,25,5,1,1,1
69.0,50.0,0,502,12,38,9,2,0,1
49.0,57.4,92,514,114,1,0,2,1,1
54.95,0.0,75,5,104,6,1,0,1,0
34.95,0.0,128,10,104,6,1,0,1,0
54.0,0.0,93,23,84,25,5,1,1,0
79.5,0.0,151,53,75,13,2,2,1,0
24.0,20.0,0,321,84,25,5,1,0,1
68.0,0.0,349,145,120,34,7,1,1,0
45.0,0.0,275,103,120,34,7,1,1,0
34.95,0.0,140,10,104,6,1,0,1,0
30.0,50.0,338,943,55,38,9,2,1,1
54.95,0.0,36,5,104,6,1,0,1,0
68.6,30.0,0,943,55,38,9,2,0,1
30.0,0.0,234,23,45,25,5,1,1,0
126.0,10.0,6,600,16,42,6,2,1,1
79.2,40.0,89,1087,156,38,9,2,1,1
54.95,0.0,181,5,104,6,1,0,1,0
59.5,0.0,61,19,75,12,2,2,1,0
54.95,0.0,90,5,104,6,1,0,1,0
65.0,0.0,0,23,120,34,7,1,0,0
14.99,9.9,89,365,9,40,3,3,1,1
13.7,77.2,0,260,120,34,7,1,0,1
55.0,20.9,45,267,75,13,2,2,1,1
40.0,0.0,0,268,83,25,5,1,0,0
62.0,0.0,62,51,120,34,7,1,1,0
34.5,0.0,161,25,75,13,2,2,1,0
24.0,0.0,185,1200,33,42,6,2,1,0
23.8,30.0,0,123,8,25,5,1,0,1
61.0,51.2,0,1692,156,38,9,2,0,1
50.0,0.0,46,215,7,1,0,2,1,0
45.0,0.0,186,34,120,34,7,1,1,0
35.0,30.0,0,321,82,25,5,1,0,1
13.0,0.0,39,1069,72,42,6,2,1,0
228.0,23.5,0,1880,102,38,9,2,0,1
54.95,0.0,120,5,104,6,1,0,1,0
25.0,0.0,90,52,110,44,6,2,1,0
64.0,0.0,169,59,120,34,7,1,1,0
64.5,0.0,116,25,75,13,2,2,1,0
68.0,0.0,46,160,120,34,7,1,1,0
62.0,0.0,9,26,120,34,7,1,1,0
38.0,0.0,0,321,82,25,5,1,0,0
1099.99,6.6,40,365,56,28,3,3,1,1
76.8,40.0,0,691,156,38,9,2,0,1
69.99,0.0,0,73,51,37,8,2,0,0
35.2,20.0,0,321,147,25,5,1,0,1
64.0,0.0,0,110,144,25,5,1,0,0
70.0,28.6,0,1612,156,38,9,2,0,1
25.0,0.0,96,4,110,44,6,2,1,0
22.8,40.0,196,321,151,25,5,1,1,1
45.0,50.0,192,383,114,1,0,2,1,1
94.5,10.0,254,46,16,45,6,2,1,1
54.95,0.0,98,5,104,6,1,0,1,0
35.0,0.0,109,10,71,6,1,0,1,0
30.4,20.0,0,149,140,25,5,1,0,1
28.8,40.0,120,321,83,25,5,1,1,1
15.99,9.3,88,365,54,46,3,3,1,1
61.2,10.0,210,321,140,25,5,1,1,1
54.95,0.0,20,5,104,6,1,0,1,0
51.2,20.0,194,321,144,25,5,1,1,1
42.0,30.0,26,321,140,25,5,1,1,1
69.0,50.0,0,320,156,38,9,2,0,1
150.0,0.0,60,176,114,1,0,2,1,0
40.0,20.0,0,321,82,25,5,1,0,1
35.0,0.0,25,1200,60,42,6,2,1,0
79.0,42.8,0,1880,156,38,9,2,0,1
63.0,20.8,0,265,75,13,2,2,0,1
11.4,70.0,0,260,120,34,7,1,0,1
51.2,20.0,0,321,82,25,5,1,0,1
49.95,0.0,25,10,104,6,1,0,1,0
44.0,0.0,0,321,147,25,5,1,0,0
38.0,0.0,64,133,120,34,7,1,1,0
96.0,40.0,229,439,114,1,0,2,1,1
34.95,0.0,81,10,104,6,1,0,1,0
46.0,0.0,118,34,85,25,5,1,1,0
35.2,20.0,0,130,146,25,5,1,0,1
99.99,0.0,32,803,51,37,8,2,1,0
49.95,0.0,59,10,104,6,1,0,1,0
44.0,50.0,0,1611,115,38,9,2,0,1
40.0,0.0,181,23,85,25,5,1,1,0
29.0,0.0,94,388,39,43,6,2,1,0
63.0,10.0,0,321,82,25,5,1,0,1
64.5,0.0,0,107,75,12,2,2,0,0
42.0,0.0,86,145,120,34,7,1,1,0
110.7,10.0,28,130,16,42,6,2,1,1
64.8,40.0,0,389,12,38,9,2,0,1
40.0,0.0,158,51,147,25,5,1,1,0
49.95,0.0,147,10,104,6,1,0,1,0
87.0,40.0,174,75,114,1,0,2,1,1
9.3,70.9,0,260,120,34,7,1,0,1
40.0,0.0,19,23,141,25,5,1,1,0
64.5,0.0,54,25,75,13,2,2,1,0
30.0,0.0,72,51,84,25,5,1,1,0
74.5,0.0,124,193,75,13,2,2,1,0
45.0,0.0,149,185,120,34,7,1,1,0
64.0,50.0,0,1341,12,38,9,2,0,1
129.0,56.7,0,1880,37,38,9,2,0,1
118.0,37.2,0,1880,55,38,9,2,0,1
28.0,30.0,394,321,147,25,5,1,1,1
48.0,0.0,117,23,83,25,5,1,1,0
24.0,20.0,0,321,151,25,5,1,0,1
140.0,0.0,11,586,114,1,0,2,1,0
49.95,0.0,76,10,104,6,1,0,1,0
55.0,0.0,103,1079,55,38,9,2,1,0
105.0,0.0,18,75,114,1,0,2,1,0
35.2,20.0,65,149,144,25,5,1,1,1
82.8,40.0,178,235,156,38,9,2,1,1
27.99,30.0,37,3428,100,37,8,2,1,1
98.0,16.9,0,1634,12,38,9,2,0,1
48.0,0.0,0,160,120,34,7,1,0,0
64.0,20.0,94,105,80,25,5,1,1,1
56.0,0.0,102,73,111,43,6,2,1,0
24.0,0.0,253,51,85,25,5,1,1,0
24.8,60.0,0,260,120,34,7,1,0,1
182.4,20.0,0,1872,102,38,9,2,0,1
79.5,0.0,57,448,75,12,2,2,1,0
19.99,0.0,154,1739,94,37,8,2,1,0
90.0,0.0,16,376,7,1,0,2,1,0
68.0,0.0,45,23,84,25,5,1,1,0
82.8,40.0,0,559,156,38,9,2,0,1
68.0,22.7,0,1880,115,38,9,2,0,1
76.8,40.0,0,678,156,38,9,2,0,1
62.0,0.0,99,59,120,34,7,1,1,0
63.0,20.8,97,782,75,12,2,2,1,1
3.49,13.8,27,365,44,46,3,3,1,1
88.0,0.0,0,1880,115,38,9,2,0,0
68.0,0.0,60,23,84,25,5,1,1,0
40.95,0.0,84,10,104,6,1,0,1,0
79.5,0.0,127,19,75,13,2,2,1,0
44.0,0.0,73,40,2,25,5,1,1,0
55.8,10.0,13,108,16,42,6,2,1,1
50.0,0.0,138,77,120,34,7,1,1,0
59.5,0.0,107,19,75,12,2,2,1,0
70.0,40.7,0,1703,55,38,9,2,0,1
79.5,0.0,70,6,75,12,2,2,1,0
59.0,20.8,107,235,75,13,2,2,1,1
54.95,0.0,42,5,104,6,1,0,1,0
35.0,0.0,47,108,75,12,2,2,1,0
799.99,8.8,7,365,41,7,3,3,1,1
58.8,40.0,58,695,2,38,9,2,1,1
33.6,20.0,0,123,8,25,5,1,0,1
52.0,0.0,82,103,120,34,7,1,1,0
93.0,40.0,138,150,156,38,9,2,1,1
299.99,0.0,64,1014,26,37,8,2,1,0
54.95,0.0,32,10,104,6,1,0,1,0
29.5,0.0,25,450,75,12,2,2,1,0
49.95,0.0,25,10,104,6,1,0,1,0
88.8,40.0,36,107,12,38,9,2,1,1
38.0,0.0,98,321,85,25,5,1,1,0
32.5,50.0,0,228,120,34,7,1,0,1
58.8,40.0,0,361,12,38,9,2,0,1
199.99,33.3,28,1216,26,37,8,2,1,1
79.5,0.0,53,16,75,13,2,2,1,0
36.0,0.0,88,207,120,34,7,1,1,0
40.0,46.3,77,51,75,13,2,2,1,1
15.0,0.0,0,228,120,34,7,1,0,0
34.0,0.0,45,51,84,25,5,1,1,0
46.0,0.0,88,52,147,25,5,1,1,0
63.0,20.8,106,179,75,13,2,2,1,1
78.0,29.1,0,1740,37,38,9,2,0,1
135.0,0.0,39,414,156,38,9,2,1,0
77.0,30.0,224,138,114,1,0,2,1,1
49.0,57.4,39,514,114,1,0,2,1,1
69.0,0.0,141,10,48,6,1,0,1,0
44.8,20.0,78,76,151,25,5,1,1,1
42.0,30.0,60,321,140,25,5,1,1,1
60.0,50.0,67,138,114,1,0,2,1,1
84.95,0.0,13,10,104,6,1,0,1,0
76.8,40.0,62,324,156,38,9,2,1,1
62.0,0.0,120,26,120,34,7,1,1,0
51.2,20.0,32,110,151,25,5,1,1,1
69.5,0.0,101,53,75,13,2,2,1,0
52.0,0.0,60,5,120,34,7,1,1,0
50.0,0.0,0,23,140,25,5,1,0,0
89.0,30.5,0,1612,156,38,9,2,0,1
38.4,20.0,0,862,2,38,9,2,0,1
95.0,0.0,96,145,120,34,7,1,1,0
7.95,0.0,327,365,132,46,4,3,1,0
30.0,0.0,209,1200,3,41,6,2,1,0
20.0,0.0,180,1012,58,42,6,2,1,0
68.0,0.0,0,1880,55,38,9,2,0,0
68.0,0.0,0,180,120,34,7,1,0,0
25.0,0.0,0,268,83,25,5,1,0,0
398.0,0.0,0,1642,102,38,9,2,0,0
89.5,0.0,303,19,75,13,2,2,1,0
38.0,0.0,61,77,120,34,7,1,1,0
89.0,30.5,0,1298,12,38,9,2,0,1
62.0,0.0,16,200,120,34,7,1,1,0
54.95,0.0,187,10,104,6,1,0,1,0
120.0,0.0,18,26,114,1,0,2,1,0
20.0,60.0,0,321,146,25,5,1,0,1
22.0,50.0,0,260,120,34,7,1,0,1
62.0,0.0,139,145,120,34,7,1,1,0
30.0,0.0,15,51,84,25,5,1,1,0
64.5,0.0,36,52,75,13,2,2,1,0
198.4,20.0,0,829,102,38,9,2,0,1
54.95,0.0,44,10,104,6,1,0,1,0
74.0,0.0,0,321,140,25,5,1,0,0
44.8,20.0,32,321,147,25,5,1,1,1
54.0,0.0,55,185,120,34,7,1,1,0
89.0,50.0,0,1066,12,38,9,2,0,1
49.95,0.0,28,10,104,6,1,0,1,0
84.0,0.0,184,23,82,25,5,1,1,0
22.0,0.0,183,18,15,42,6,2,1,0
38.4,20.0,66,79,83,25,5,1,1,1
30.0,0.0,240,157,120,34,7,1,1,0
54.0,0.0,0,320,2,25,5,1,0,0
35.0,30.0,136,321,146,25,5,1,1,1
50.0,0.0,0,321,152,25,5,1,0,0
44.0,0.0,76,25,141,25,5,1,1,0
32.0,20.0,149,79,83,25,5,1,1,1
128.0,0.0,0,1880,156,38,9,2,0,0
69.5,0.0,129,25,75,13,2,2,1,0
39.0,50.9,3,32,75,12,2,2,1,1
54.95,0.0,60,5,104,6,1,0,1,0
76.0,0.0,89,235,120,34,7,1,1,0
69.0,0.0,141,10,48,6,1,0,1,0
17.5,65.0,0,260,120,34,7,1,0,1
280.0,30.0,0,780,102,38,9,2,0,1
40.0,0.0,110,51,120,34,7,1,1,0
65.0,49.2,0,1703,55,38,9,2,0,1
56.0,0.0,0,321,146,25,5,1,0,0
29.4,30.0,0,321,84,25,5,1,0,1
6.4,54.3,0,260,120,34,7,1,0,1
38.0,0.0,32,23,86,25,5,1,1,0
89.5,0.0,65,232,75,13,2,2,1,0
74.7,10.0,99,388,16,43,6,2,1,1
172.8,40.0,53,215,102,38,9,2,1,1
95.0,0.0,22,145,120,34,7,1,1,0
14.99,0.0,49,3428,100,37,8,2,1,0
28.8,20.0,125,27,85,25,5,1,1,1
16.0,0.0,246,37,118,25,5,1,1,0
18.0,40.0,238,149,83,25,5,1,1,1
64.0,0.0,120,59,120,34,7,1,1,0
70.0,0.0,72,51,120,34,7,1,1,0
44.0,0.0,95,58,144,25,5,1,1,0
63.0,20.8,214,264,75,13,2,2,1,1
99.0,34.0,237,537,114,1,0,2,1,1
35.2,20.0,111,321,151,25,5,1,1,1
52.0,30.7,83,173,114,1,0,2,1,1
46.0,0.0,0,321,151,25,5,1,0,0
100.0,0.0,96,75,114,1,0,2,1,0
45.0,0.0,162,936,7,1,0,2,1,0
12.0,0.0,92,1200,15,41,6,2,1,0
62.0,0.0,142,79,8,25,5,1,1,0
44.0,0.0,37,51,80,25,5,1,1,0
65.0,0.0,0,185,120,34,7,1,0,0
49.5,0.0,106,75,75,13,2,2,1,0
35.0,0.0,107,1200,60,42,6,2,1,0
34.95,0.0,30,10,104,6,1,0,1,0
54.95,0.0,31,10,104,6,1,0,1,0
64.0,0.0,32,51,82,25,5,1,1,0
32.0,0.0,372,23,84,25,5,1,1,0
38.4,20.0,47,321,80,25,5,1,1,1
49.5,0.0,49,129,75,12,2,2,1,0
90.0,0.0,34,47,114,1,0,2,1,0
100.0,0.0,101,250,114,1,0,2,1,0
32.0,0.0,27,180,120,34,7,1,1,0
60.0,0.0,184,58,146,25,5,1,1,0
52.0,0.0,18,34,120,34,7,1,1,0
59.99,0.0,188,1895,131,37,8,2,1,0
12.6,74.8,0,260,120,34,7,1,0,1
105.0,0.0,51,47,114,1,0,2,1,0
96.6,30.0,0,492,156,38,9,2,0,1
49.0,57.4,245,355,114,1,0,2,1,1
49.95,0.0,112,10,104,6,1,0,1,0
39.0,40.0,0,661,55,38,9,2,0,1
51.0,20.9,0,25,119,12,2,2,0,1
54.95,0.0,58,10,104,6,1,0,1,0
46.0,0.0,121,24,84,25,5,1,1,0
59.0,52.8,0,1880,156,38,9,2,0,1
32.0,20.0,31,150,147,25,5,1,1,1
36.0,40.0,226,950,55,38,9,2,1,1
39.0,63.9,0,1880,12,38,9,2,0,1
118.8,40.0,24,430,102,38,9,2,1,1
35.0,41.2,0,28,75,12,2,2,0,1
36.0,40.0,0,260,120,34,7,1,0,1
52.0,0.0,0,228,120,34,7,1,0,0
25.0,0.0,142,3,110,44,6,2,1,0
52.0,52.7,48,551,114,1,0,2,1,1
79.5,0.0,136,18,75,13,2,2,1,0
49.95,0.0,133,10,104,6,1,0,1,0
266.0,0.0,81,579,66,42,6,2,1,0
15.3,63.6,0,260,120,34,7,1,0,1
15.0,0.0,246,507,43,1,0,2,1,0
54.95,0.0,57,10,104,6,1,0,1,0
55.0,50.0,90,170,114,1,0,2,1,1
169.99,0.0,10,933,26,37,8,2,1,0
798.0,0.0,0,1880,102,38,9,2,0,0
68.0,0.0,0,200,120,34,7,1,0,0
79.5,0.0,16,465,75,12,2,2,1,0
102.6,10.0,76,535,16,42,6,2,1,1
54.95,0.0,99,5,104,6,1,0,1,0
25.0,0.0,196,16,120,34,7,1,1,0
68.0,0.0,78,34,120,34,7,1,1,0
60.0,0.0,37,180,120,34,7,1,1,0
49.0,50.0,0,1880,55,38,9,2,0,1
49.95,0.0,40,10,104,6,1,0,1,0
105.0,0.0,36,47,114,1,0,2,1,0
30.0,0.0,0,321,153,25,5,1,0,0
9.6,70.0,0,260,120,34,7,1,0,1
16.0,0.0,165,516,15,42,6,2,1,0
84.5,0.0,151,586,75,12,2,2,1,0
30.4,20.0,23,321,137,25,5,1,1,1
49.95,0.0,79,10,104,6,1,0,1,0
73.0,33.6,21,257,114,1,0,2,1,1
63.0,20.8,0,206,75,13,2,2,0,1
25.0,0.0,205,717,72,42,6,2,1,0
52.0,0.0,0,23,120,34,7,1,0,0
65.0,0.0,0,228,120,34,7,1,0,0
92.4,30.0,0,414,55,38,9,2,0,1
70.0,0.0,0,321,146,25,5,1,0,0
45.0,0.0,55,26,120,34,7,1,1,0
151.2,10.0,93,388,16,43,6,2,1,1
14.0,0.0,226,5,120,34,7,1,1,0
54.95,0.0,113,5,104,6,1,0,1,0
54.0,10.0,0,321,146,25,5,1,0,1
70.0,30.0,173,1083,114,1,0,2,1,1
102.0,29.7,17,355,114,1,0,2,1,1
49.99,7.1,9,365,46,46,3,3,1,1
40.0,0.0,13,321,83,25,5,1,1,0
178.0,0.0,3,58,55,38,9,2,1,0
49.95,0.0,28,10,104,6,1,0,1,0
50.0,0.0,32,23,152,25,5,1,1,0
47.95,30.5,111,10,48,6,1,0,1,1
49.95,0.0,101,10,104,6,1,0,1,0
118.0,0.0,22,45,12,38,9,2,1,0
112.8,40.0,3,130,55,38,9,2,1,1
154.8,40.0,58,192,55,38,9,2,1,1
32.0,0.0,174,23,85,25,5,1,1,0
54.95,0.0,39,5,104,6,1,0,1,0
100.0,0.0,150,47,114,1,0,2,1,0
65.0,0.0,80,103,120,34,7,1,1,0
17.99,28.0,356,359,17,37,8,2,1,1
55.0,20.9,50,179,75,13,2,2,1,1
56.0,20.0,71,76,140,25,5,1,1,1
35.0,0.0,0,268,83,25,5,1,0,0
13.1,70.9,0,260,120,34,7,1,0,1
40.6,30.0,0,883,2,38,9,2,0,1
59.0,20.8,124,206,75,13,2,2,1,1
28.0,0.0,0,321,152,25,5,1,0,0
140.0,0.0,28,47,114,1,0,2,1,0
198.9,10.0,22,123,16,42,6,2,1,1
45.0,50.0,101,355,114,1,0,2,1,1
45.0,0.0,61,180,120,34,7,1,1,0
30.0,0.0,129,321,151,25,5,1,1,0
38.0,0.0,16,200,120,34,7,1,1,0
69.5,0.0,115,52,75,13,2,2,1,0
84.0,50.0,0,1415,156,38,9,2,0,1
68.6,30.0,0,599,2,38,9,2,0,1
28.0,0.0,65,58,141,25,5,1,1,0
38.0,0.0,42,207,120,34,7,1,1,0
44.99,0.0,125,298,36,37,8,2,1,0
36.8,20.0,59,321,147,25,5,1,1,1
40.0,0.0,115,77,120,34,7,1,1,0
69.5,0.0,40,232,75,13,2,2,1,0
64.4,30.0,0,1611,12,38,9,2,0,1
40.0,0.0,0,269,76,25,5,1,0,0
79.5,0.0,278,399,75,12,2,2,1,0
135.0,0.0,8,47,114,1,0,2,1,0
50.0,0.0,78,23,151,25,5,1,1,0
50.0,52.4,210,964,114,1,0,2,1,1
33.6,30.0,0,1436,55,38,9,2,0,1
49.95,0.0,109,10,104,6,1,0,1,0
38.7,10.0,66,306,16,42,6,2,1,1
45.0,43.4,51,389,75,12,2,2,1,1
59.99,40.0,64,3242,100,37,8,2,1,1
89.0,30.5,0,1506,156,38,9,2,0,1
160.0,0.0,22,176,114,1,0,2,1,0
79.5,0.0,121,33,75,13,2,2,1,0
36.8,20.0,58,321,147,25,5,1,1,1
160.0,0.0,12,176,114,1,0,2,1,0
39.6,10.0,0,321,137,25,5,1,0,1
70.0,0.0,141,23,83,25,5,1,1,0
64.0,50.0,0,774,156,38,9,2,0,1
112.8,40.0,36,142,55,38,9,2,1,1
56.0,0.0,221,153,144,25,5,1,1,0
49.95,0.0,49,10,104,6,1,0,1,0
31.0,50.0,0,260,120,34,7,1,0,1
54.0,0.0,46,145,120,34,7,1,1,0
52.0,0.0,155,77,120,34,7,1,1,0
49.95,0.0,246,10,57,6,1,0,1,0
65.0,0.0,104,145,120,34,7,1,1,0
49.95,0.0,162,10,104,6,1,0,1,0
59.99,0.0,88,129,100,37,8,2,1,0
49.95,0.0,58,10,104,6,1,0,1,0
40.0,0.0,42,51,140,25,5,1,1,0
64.5,0.0,69,72,75,13,2,2,1,0
89.5,0.0,0,232,75,13,2,2,0,0
48.0,0.0,117,34,120,34,7,1,1,0
79.5,0.0,68,19,75,13,2,2,1,0
58.0,0.0,43,115,120,34,7,1,1,0
46.4,20.0,71,122,80,25,5,1,1,1
34.99,0.0,147,1625,100,37,8,2,1,0
69.0,50.0,0,807,156,38,9,2,0,1
99.0,34.0,31,558,114,1,0,2,1,1
64.5,0.0,101,46,75,13,2,2,1,0
29.5,0.0,210,391,75,12,2,2,1,0
68.0,0.0,96,137,120,34,7,1,1,0
54.0,0.0,92,207,120,34,7,1,1,0
29.5,0.0,166,30,75,12,2,2,1,0
34.95,0.0,52,10,104,6,1,0,1,0
99.0,26.7,53,10,114,1,0,2,1,1
62.0,0.0,43,51,120,34,7,1,1,0
113.4,10.0,6,670,16,42,6,2,1,1
54.95,0.0,62,5,104,6,1,0,1,0
49.0,50.0,0,1039,12,38,9,2,0,1
76.8,40.0,0,295,156,38,9,2,0,1
24.0,20.0,358,149,45,25,5,1,1,1
54.4,20.0,0,1878,55,38,9,2,0,1
49.95,0.0,66,10,104,6,1,0,1,0
77.0,30.0,84,229,114,1,0,2,1,1
1.99,12.7,8,365,44,46,3,3,1,1
68.0,0.0,95,137,120,34,7,1,1,0
23.0,0.0,228,1061,64,42,6,2,1,0
49.95,0.0,139,10,104,6,1,0,1,0
49.95,0.0,31,10,104,6,1,0,1,0
64.5,0.0,28,813,75,12,2,2,1,0
54.0,10.0,0,321,144,25,5,1,0,1
32.0,20.0,121,321,83,25,5,1,1,1
49.95,0.0,51,10,104,6,1,0,1,0
92.0,37.8,0,1878,12,38,9,2,0,1
44.0,0.0,106,51,82,25,5,1,1,0
37.2,40.0,0,260,120,34,7,1,0,1
79.5,0.0,90,101,75,13,2,2,1,0
21.0,30.0,0,321,155,25,5,1,0,1
38.0,0.0,17,103,120,34,7,1,1,0
38.0,0.0,81,173,120,34,7,1,1,0
49.95,0.0,206,10,104,6,1,0,1,0
25.0,0.0,137,556,110,44,6,2,1,0
65.0,0.0,42,34,120,34,7,1,1,0
54.0,40.0,134,417,7,1,0,2,1,1
30.0,0.0,0,58,152,25,5,1,0,0
64.5,0.0,89,101,75,13,2,2,1,0
30.8,30.0,0,321,144,25,5,1,0,1
40.0,42.4,0,24,75,12,2,2,0,1
6.0,0.0,0,23,95,25,5,1,0,0
48.0,0.0,32,26,120,34,7,1,1,0
50.0,0.0,66,47,114,1,0,2,1,0
6.3,81.5,0,260,120,34,7,1,0,1
49.95,0.0,45,10,104,6,1,0,1,0
48.0,0.0,126,23,83,25,5,1,1,0
89.5,0.0,59,232,75,13,2,2,1,0
120.0,0.0,57,75,114,1,0,2,1,0
39.0,50.0,0,1880,55,38,9,2,0,1
70.0,0.0,65,137,120,34,7,1,1,0
64.0,0.0,44,173,120,34,7,1,1,0
100.0,0.0,32,250,114,1,0,2,1,0
78.0,0.0,132,51,120,34,7,1,1,0
100.0,0.0,33,1256,114,1,0,2,1,0
49.6,20.0,27,107,83,25,5,1,1,1
79.2,10.0,41,214,16,42,6,2,1,1
54.95,0.0,139,5,104,6,1,0,1,0
100.0,0.0,28,47,114,1,0,2,1,0
30.4,20.0,80,79,85,25,5,1,1,1
38.0,0.0,17,59,120,34,7,1,1,0
150.0,0.0,43,75,114,1,0,2,1,0
79.5,0.0,42,25,75,13,2,2,1,0
54.95,0.0,105,5,104,6,1,0,1,0
31.0,65.4,50,537,75,12,2,2,1,1
49.95,0.0,41,10,104,6,1,0,1,0
55.0,50.0,173,138,114,1,0,2,1,1
49.95,0.0,172,10,104,6,1,0,1,0
36.0,0.0,122,23,85,25,5,1,1,0
19.5,64.5,0,260,120,34,7,1,0,1
59.5,0.0,33,477,75,12,2,2,1,0
40.0,0.0,142,77,120,34,7,1,1,0
27.2,20.0,74,110,152,25,5,1,1,1
83.7,10.0,64,9,16,43,6,2,1,1
56.0,20.0,164,149,82,25,5,1,1,1
54.95,0.0,43,5,104,6,1,0,1,0
28.0,0.0,128,321,84,25,5,1,1,0
34.95,0.0,53,10,104,6,1,0,1,0
64.0,0.0,123,173,120,34,7,1,1,0
98.0,16.9,0,1734,12,38,9,2,0,1
38.0,0.0,55,25,148,25,5,1,1,0
44.5,0.0,45,19,75,13,2,2,1,0
82.8,40.0,0,537,156,38,9,2,0,1
64.5,0.0,204,72,75,13,2,2,1,0
64.5,0.0,37,25,75,13,2,2,1,0
39.0,50.0,0,1703,55,38,9,2,0,1
56.0,0.0,0,321,128,25,5,1,0,0
128.0,0.0,0,366,156,38,9,2,0,0
65.0,0.0,62,103,120,34,7,1,1,0
55.0,50.0,133,138,114,1,0,2,1,1
54.95,0.0,105,10,104,6,1,0,1,0
20.0,0.0,0,321,148,25,5,1,0,0
28.0,0.0,127,51,85,25,5,1,1,0
50.0,0.0,38,47,114,1,0,2,1,0
99.0,10.0,149,18,16,42,6,2,1,1
89.6,30.0,0,678,156,38,9,2,0,1
84.5,0.0,80,585,75,12,2,2,1,0
44.5,0.0,64,19,75,13,2,2,1,0
278.6,30.0,0,1781,102,38,9,2,0,1
99.0,29.3,150,17,114,1,0,2,1,1
40.0,20.0,0,321,147,25,5,1,0,1
215.1,10.0,4,123,16,42,6,2,1,1
61.6,30.0,0,705,55,38,9,2,0,1
49.95,0.0,79,10,104,6,1,0,1,0
20.0,0.0,0,269,154,25,5,1,0,0
10.0,0.0,290,105,75,12,2,2,1,0
54.95,0.0,53,5,104,6,1,0,1,0
40.0,0.0,0,268,83,25,5,1,0,0
88.0,0.0,135,73,111,43,6,2,1,0
62.5,50.0,0,1060,156,38,9,2,0,1
54.95,0.0,138,10,104,6,1,0,1,0
38.0,0.0,0,321,85,25,5,1,0,0
99.95,0.0,38,10,70,6,1,0,1,0
69.5,0.0,181,232,75,13,2,2,1,0
24.0,50.0,0,215,120,34,7,1,0,1
59.5,0.0,156,53,75,13,2,2,1,0
58.0,25.6,0,1415,55,38,9,2,0,1
39.0,50.0,0,1116,55,38,9,2,0,1
59.95,0.0,73,10,53,6,1,0,1,0
56.0,0.0,0,23,148,25,5,1,0,0
40.0,42.4,41,1244,123,12,2,2,1,1
59.0,52.8,0,1880,156,38,9,2,0,1
49.95,0.0,19,10,104,6,1,0,1,0
38.0,0.0,232,77,120,34,7,1,1,0
38.0,0.0,170,26,120,34,7,1,1,0
140.0,0.0,18,47,114,1,0,2,1,0
12.0,60.0,0,321,85,25,5,1,0,1
59.99,0.0,40,542,100,37,8,2,1,0
148.0,0.0,0,1880,2,38,9,2,0,0
33.6,20.0,17,321,79,25,5,1,1,1
199.99,0.0,41,802,100,37,8,2,1,0
49.95,0.0,158,10,104,6,1,0,1,0
20.8,20.0,36,79,83,25,5,1,1,1
62.0,0.0,109,16,120,34,7,1,1,0
113.4,10.0,20,600,16,42,6,2,1,1
40.0,20.0,44,153,146,25,5,1,1,1
70.0,0.0,239,23,83,25,5,1,1,0
9.99,3.5,85,365,54,46,3,3,1,1
19.0,0.0,191,1200,29,42,6,2,1,0
2.29,5.4,13,365,44,46,3,3,1,1
26.0,0.0,356,1162,23,45,6,2,1,0
42.0,60.0,49,194,114,1,0,2,1,1
25.0,0.0,17,166,15,42,6,2,1,0
38.0,0.0,60,79,139,25,5,1,1,0
75.0,40.0,0,326,156,38,9,2,0,1
94.5,0.0,77,75,75,13,2,2,1,0
79.5,0.0,23,206,75,13,2,2,1,0
10.0,50.0,0,1341,2,38,9,2,0,1
30.0,0.0,326,51,147,25,5,1,1,0
29.0,47.3,0,872,2,38,9,2,0,1
50.0,0.0,0,23,80,25,5,1,0,0
40.0,20.0,64,79,80,25,5,1,1,1
36.0,0.0,16,51,85,25,5,1,1,0
52.0,0.0,187,77,120,34,7,1,1,0
60.0,0.0,90,240,111,43,6,2,1,0
45.0,0.0,160,185,120,34,7,1,1,0
34.95,0.0,84,10,104,6,1,0,1,0
17.0,0.0,211,107,75,12,2,2,1,0
49.95,0.0,195,10,104,6,1,0,1,0
38.0,0.0,84,103,120,34,7,1,1,0
38.0,0.0,0,51,148,25,5,1,0,0
48.0,0.0,216,51,120,34,7,1,1,0
20.0,0.0,0,268,83,25,5,1,0,0
64.0,20.0,107,110,82,25,5,1,1,1
44.0,50.0,0,1611,115,38,9,2,0,1
65.0,0.0,138,173,120,34,7,1,1,0
0.79,9.2,31,365,44,46,3,3,1,1
42.0,0.0,39,103,120,34,7,1,1,0
112.8,40.0,0,1436,55,38,9,2,0,1
18.0,0.0,175,75,118,1,0,2,1,0
18.0,0.0,81,512,118,1,0,2,1,0
49.0,57.4,76,514,114,1,0,2,1,1
140.0,0.0,39,491,114,1,0,2,1,0
55.0,50.0,86,138,114,1,0,2,1,1
44.0,0.0,0,23,141,25,5,1,0,0
12.0,0.0,0,321,155,25,5,1,0,0
69.0,46.1,0,1880,156,38,9,2,0,1
56.0,0.0,0,321,144,25,5,1,0,0
59.0,52.8,0,1880,156,38,9,2,0,1
99.0,29.3,19,17,114,1,0,2,1,1
45.0,0.0,58,5,120,34,7,1,1,0
54.95,0.0,130,5,104,6,1,0,1,0
44.8,20.0,62,321,137,25,5,1,1,1
68.8,20.0,121,79,82,25,5,1,1,1
54.95,0.0,118,5,104,6,1,0,1,0
178.0,0.0,39,295,156,38,9,2,1,0
48.0,30.9,43,374,75,12,2,2,1,1
40.0,0.0,0,321,151,25,5,1,0,0
36.0,0.0,212,24,85,25,5,1,1,0
84.95,0.0,72,10,104,6,1,0,1,0
50.0,43.2,0,1703,115,38,9,2,0,1
44.99,0.0,122,493,100,37,8,2,1,0
140.0,0.0,50,75,114,1,0,2,1,0
49.95,0.0,103,10,104,6,1,0,1,0
35.2,20.0,0,321,137,25,5,1,0,1
100.0,0.0,58,75,114,1,0,2,1,0
22.4,20.0,503,79,84,25,5,1,1,1
76.8,40.0,67,163,12,38,9,2,1,1
40.0,49.7,113,53,75,12,2,2,1,1
29.0,50.0,0,298,55,38,9,2,0,1
40.0,49.7,144,263,75,13,2,2,1,1
118.8,40.0,21,199,55,38,9,2,1,1
50.0,28.1,17,365,75,12,2,2,1,1
15.0,57.1,41,527,7,1,0,2,1,1
31.0,21.5,122,113,75,13,2,2,1,1
64.5,0.0,0,264,75,13,2,2,0,0
8.4,70.0,0,260,120,34,7,1,0,1
140.0,0.0,7,47,114,1,0,2,1,0
35.0,30.0,217,321,140,25,5,1,1,1
45.0,0.0,0,160,120,34,7,1,0,0
58.0,0.0,147,26,120,34,7,1,1,0
55.0,0.0,55,26,120,34,7,1,1,0
115.0,0.0,7,75,114,1,0,2,1,0
14.0,0.0,220,1162,32,45,6,2,1,0
9.99,10.2,73,365,54,46,3,3,1,1
22.8,63.2,0,260,120,34,7,1,0,1
89.0,50.0,0,1751,12,38,9,2,0,1
36.0,0.0,82,23,11,25,5,1,1,0
62.0,0.0,79,200,120,34,7,1,1,0
36.0,40.0,0,260,120,34,7,1,0,1
16.0,0.0,385,5,120,34,7,1,1,0
64.0,20.0,42,110,80,25,5,1,1,1
120.0,0.0,5,75,114,1,0,2,1,0
40.0,49.7,103,51,75,13,2,2,1,1
64.0,50.0,0,752,156,38,9,2,0,1
105.0,0.0,11,47,114,1,0,2,1,0
54.95,0.0,45,5,104,6,1,0,1,0
79.5,0.0,110,88,75,13,2,2,1,0
54.95,0.0,39,10,104,6,1,0,1,0
40.0,46.3,0,29,75,12,2,2,0,1
64.0,50.0,0,869,156,38,9,2,0,1
125.0,0.0,100,47,114,1,0,2,1,0
39.0,28.4,70,19,75,12,2,2,1,1
69.0,0.0,164,10,48,6,1,0,1,0
135.0,0.0,26,47,114,1,0,2,1,0
10.0,0.0,102,67,127,42,6,2,1,0
62.0,0.0,46,59,120,34,7,1,1,0
39.0,28.4,0,19,75,12,2,2,0,1
78.0,0.0,85,529,2,38,9,2,1,0
56.0,20.0,220,321,139,25,5,1,1,1
48.0,0.0,144,137,120,34,7,1,1,0
68.0,0.0,0,1865,55,38,9,2,0,0
39.0,29.1,0,1880,55,38,9,2,0,1
58.0,0.0,45,213,120,34,7,1,1,0
82.8,40.0,81,159,156,38,9,2,1,1
40.0,0.0,52,51,83,25,5,1,1,0
54.5,0.0,86,232,75,13,2,2,1,0
32.0,20.0,0,321,141,25,5,1,0,1
38.0,0.0,94,77,120,34,7,1,1,0
65.0,0.0,28,185,120,34,7,1,1,0
39.99,0.0,65,3428,52,37,8,2,1,0
38.0,0.0,132,103,120,34,7,1,1,0
85.0,0.0,19,194,111,43,6,2,1,0
45.0,0.0,322,5,120,34,7,1,1,0
69.5,0.0,0,19,75,12,2,2,0,0
40.0,42.4,48,1292,123,12,2,2,1,1
135.0,0.0,65,47,114,1,0,2,1,0
84.5,0.0,61,19,75,13,2,2,1,0
46.0,0.0,97,160,120,34,7,1,1,0
23.0,22.0,170,211,75,12,2,2,1,1
28.0,0.0,0,18,147,25,5,1,0,0
44.0,0.0,0,321,147,25,5,1,0,0
150.0,0.0,63,75,114,1,0,2,1,0
48.0,38.5,0,1789,55,38,9,2,0,1
89.5,0.0,97,232,75,13,2,2,1,0
25.0,0.0,77,612,110,44,6,2,1,0
68.6,30.0,0,1300,2,38,9,2,0,1
26.6,30.0,22,321,83,25,5,1,1,1
96.6,30.0,0,919,156,38,9,2,0,1
15.2,60.0,0,321,85,25,5,1,0,1
49.95,0.0,45,10,104,6,1,0,1,0
50.0,0.0,70,77,120,34,7,1,1,0
89.5,0.0,115,232,75,13,2,2,1,0
55.0,0.0,131,1079,55,38,9,2,1,0
49.95,0.0,239,10,104,6,1,0,1,0
75.0,50.0,118,779,102,38,9,2,1,1
54.95,0.0,39,10,104,6,1,0,1,0
35.0,0.0,88,5,120,34,7,1,1,0
9.8,74.2,0,260,120,34,7,1,0,1
49.95,0.0,114,10,104,6,1,0,1,0
10.0,59.2,275,410,75,12,2,2,1,1
48.0,0.0,65,145,120,34,7,1,1,0
96.6,30.0,0,688,55,38,9,2,0,1
17.5,50.0,0,1341,2,38,9,2,0,1
131.4,10.0,6,108,16,42,6,2,1,1
54.95,0.0,109,10,104,6,1,0,1,0
39.0,28.4,27,19,75,12,2,2,1,1
94.0,30.4,0,1488,156,38,9,2,0,1
78.0,40.0,84,215,114,1,0,2,1,1
12.3,72.7,0,260,120,34,7,1,0,1
38.4,20.0,0,1878,55,38,9,2,0,1
30.0,0.0,265,23,151,25,5,1,1,0
2.99,11.0,9,365,44,46,3,3,1,1
98.0,16.9,0,1068,12,38,9,2,0,1
33.6,30.0,0,1341,55,38,9,2,0,1
46.0,0.0,174,160,120,34,7,1,1,0
38.0,0.0,300,321,134,25,5,1,1,0
34.8,40.0,119,537,2,38,9,2,1,1
49.95,0.0,35,10,104,6,1,0,1,0
79.5,0.0,142,53,75,13,2,2,1,0
54.95,0.0,80,10,104,6,1,0,1,0
49.95,0.0,83,10,104,6,1,0,1,0
172.8,10.0,23,108,16,42,6,2,1,1
79.5,0.0,72,77,75,13,2,2,1,0
79.5,0.0,32,636,75,12,2,2,1,0
69.0,0.0,217,10,48,6,1,0,1,0
39.0,28.4,25,19,75,12,2,2,1,1
8.0,0.0,71,122,2,1,0,2,1,0
54.95,0.0,108,10,104,6,1,0,1,0
88.0,31.2,0,1878,12,38,9,2,0,1
28.0,0.0,78,432,2,38,9,2,1,0
42.0,0.0,65,103,120,34,7,1,1,0
49.0,50.0,0,733,55,38,9,2,0,1
101.7,10.0,32,44,16,42,6,2,1,1
44.0,0.0,99,51,147,25,5,1,1,0
40.0,20.0,0,321,140,25,5,1,0,1
69.0,0.0,108,10,48,6,1,0,1,0
100.0,0.0,71,250,114,1,0,2,1,0
35.0,29.3,80,206,75,13,2,2,1,1
56.0,0.0,155,51,80,25,5,1,1,0
118.8,40.0,0,787,156,38,9,2,0,1
56.0,0.0,0,321,146,25,5,1,0,0
56.0,0.0,207,207,120,34,7,1,1,0
23.0,50.0,280,321,83,25,5,1,1,1
26.0,0.0,659,51,79,25,5,1,1,0
100.8,40.0,0,528,156,38,9,2,0,1
34.95,0.0,112,10,104,6,1,0,1,0
64.4,30.0,0,1611,12,38,9,2,0,1
110.0,0.0,6,257,114,1,0,2,1,0
39.0,28.4,87,19,75,12,2,2,1,1
36.0,0.0,72,51,152,25,5,1,1,0
13.0,74.0,0,260,120,34,7,1,0,1
19.0,0.0,180,476,14,42,6,2,1,0
54.95,0.0,27,5,104,6,1,0,1,0
47.0,30.9,0,1436,55,38,9,2,0,1
30.8,30.0,0,321,144,25,5,1,0,1
10.0,48.7,166,115,75,12,2,2,1,1
40.0,20.0,29,149,85,25,5,1,1,1
38.0,0.0,48,51,151,25,5,1,1,0
91.0,30.0,37,215,114,1,0,2,1,1
54.95,0.0,183,5,104,6,1,0,1,0
69.99,30.0,0,2020,131,37,8,2,0,1
49.0,57.4,75,355,114,1,0,2,1,1
36.0,0.0,149,51,85,25,5,1,1,0
118.0,0.0,0,1880,55,38,9,2,0,0
69.0,29.6,0,1880,103,38,9,2,0,1
35.0,0.0,0,269,150,25,5,1,0,0
44.0,50.0,0,1082,12,38,9,2,0,1
54.5,0.0,62,107,75,13,2,2,1,0
44.5,0.0,107,19,75,13,2,2,1,0
30.0,14.3,0,1703,55,38,9,2,0,1
120.0,0.0,1,75,114,1,0,2,1,0
548.0,0.0,0,476,55,38,9,2,0,0
110.0,0.0,3,138,114,1,0,2,1,0
34.95,0.0,143,10,104,6,1,0,1,0
79.5,0.0,67,88,75,13,2,2,1,0
68.0,0.0,0,200,120,34,7,1,0,0
54.95,0.0,69,5,104,6,1,0,1,0
76.0,0.0,28,207,120,34,7,1,1,0
68.0,0.0,0,1880,55,38,9,2,0,0
79.5,0.0,85,228,75,13,2,2,1,0
48.0,0.0,64,23,83,25,5,1,1,0
50.4,10.0,0,321,88,25,5,1,0,1
59.0,39.8,0,1880,156,38,9,2,0,1
46.0,0.0,316,321,83,25,5,1,1,0
56.0,60.0,103,215,114,1,0,2,1,1
56.0,0.0,98,51,139,25,5,1,1,0
98.0,23.4,0,1880,12,38,9,2,0,1
52.0,0.0,142,103,120,34,7,1,1,0
25.0,0.0,261,386,110,44,6,2,1,0
64.0,0.0,122,207,120,34,7,1,1,0
54.95,0.0,52,10,104,6,1,0,1,0
100.0,0.0,188,229,114,1,0,2,1,0
65.0,0.0,85,59,120,34,7,1,1,0
44.5,0.0,0,52,75,13,2,2,0,0
40.0,0.0,74,5,120,34,7,1,1,0
34.8,40.0,0,1300,2,38,9,2,0,1
25.0,0.0,147,3,16,44,6,2,1,0
54.95,0.0,44,5,104,6,1,0,1,0
34.0,0.0,102,79,134,25,5,1,1,0
248.0,0.0,0,872,102,38,9,2,0,0
54.4,20.0,0,321,82,25,5,1,0,1
89.0,30.5,0,1415,156,38,9,2,0,1
44.0,0.0,49,50,144,25,5,1,1,0
15.0,40.0,251,10,7,1,0,2,1,1
26.0,0.0,185,1162,98,45,6,2,1,0
34.0,0.0,0,321,148,25,5,1,0,0
95.0,0.0,75,47,114,1,0,2,1,0
44.0,0.0,56,25,147,25,5,1,1,0
44.8,20.0,0,110,146,25,5,1,0,1
59.5,0.0,102,151,75,12,2,2,1,0
21.6,40.0,119,321,151,25,5,1,1,1
35.0,41.2,282,30,75,13,2,2,1,1
54.95,0.0,134,10,104,6,1,0,1,0
37.0,50.7,42,173,114,1,0,2,1,1
54.95,0.0,127,10,104,6,1,0,1,0
49.95,0.0,134,10,104,6,1,0,1,0
38.7,10.0,97,112,16,45,6,2,1,1
37.8,30.0,0,321,140,25,5,1,0,1
99.99,0.0,86,802,122,37,8,2,1,0
58.0,0.0,104,5,120,34,7,1,1,0
49.95,0.0,226,10,104,6,1,0,1,0
268.8,40.0,11,186,102,38,9,2,1,1
89.0,28.8,0,1880,156,38,9,2,0,1
54.95,0.0,179,5,104,6,1,0,1,0
45.0,0.0,131,34,120,34,7,1,1,0
118.8,40.0,0,1341,55,38,9,2,0,1
84.5,0.0,28,19,75,13,2,2,1,0
68.0,0.0,138,23,144,25,5,1,1,0
64.5,0.0,89,813,75,12,2,2,1,0
56.0,0.0,183,51,139,25,5,1,1,0
25.0,0.0,0,269,78,25,5,1,0,0
69.99,0.0,0,321,131,37,8,2,0,0
39.6,10.0,260,321,151,25,5,1,1,1
29.5,0.0,214,53,75,13,2,2,1,0
56.0,20.0,152,76,140,25,5,1,1,1
48.0,0.0,120,23,83,25,5,1,1,0
58.0,0.0,100,157,120,34,7,1,1,0
16.8,70.0,159,321,137,25,5,1,1,1
69.5,0.0,131,232,75,13,2,2,1,0
87.5,30.0,0,1612,156,38,9,2,0,1
69.5,0.0,38,232,75,13,2,2,1,0
44.0,60.0,23,194,114,1,0,2,1,1
36.8,20.0,257,321,151,25,5,1,1,1
70.8,40.0,0,529,2,38,9,2,0,1
24.5,0.0,267,410,75,12,2,2,1,0
49.95,0.0,74,10,104,6,1,0,1,0
60.0,0.0,26,23,140,25,5,1,1,0
27.2,20.0,55,79,84,25,5,1,1,1
24.8,60.0,0,260,120,34,7,1,0,1
40.0,0.0,120,51,120,34,7,1,1,0
24.95,0.0,171,10,6,6,1,0,1,0
68.0,0.0,0,260,120,34,7,1,0,0
50.0,0.0,43,23,152,25,5,1,1,0
75.0,40.0,0,716,156,38,9,2,0,1
116.0,20.0,52,374,114,1,0,2,1,1
69.5,0.0,42,88,75,13,2,2,1,0
36.0,0.0,0,321,152,25,5,1,0,0
58.0,14.7,0,1832,55,38,9,2,0,1
34.95,0.0,121,10,104,6,1,0,1,0
55.0,0.0,0,1249,2,38,9,2,0,0
100.0,0.0,38,75,114,1,0,2,1,0
79.99,18.0,12,365,92,32,3,3,1,1
99.99,0.0,0,1268,100,37,8,2,0,0
89.0,30.5,0,1415,12,38,9,2,0,1
58.0,0.0,29,23,80,25,5,1,1,0
54.95,0.0,124,10,104,6,1,0,1,0
56.0,0.0,83,51,88,25,5,1,1,0
314.0,0.0,50,738,66,42,6,2,1,0
49.0,50.0,0,1880,156,38,9,2,0,1
65.0,0.0,55,157,120,34,7,1,1,0
85.0,0.0,44,178,55,38,9,2,1,0
100.0,0.0,212,556,114,1,0,2,1,0
120.0,0.0,2,26,114,1,0,2,1,0
79.0,39.2,23,355,114,1,0,2,1,1
54.95,0.0,366,10,104,6,1,0,1,0
49.95,0.0,26,10,104,6,1,0,1,0
58.0,0.0,0,321,147,25,5,1,0,0
49.95,0.0,51,10,104,6,1,0,1,0
24.95,0.0,303,10,6,6,1,0,1,0
25.0,0.0,136,247,110,44,6,2,1,0
23.0,0.0,268,1061,64,42,6,2,1,0
36.0,40.0,0,260,120,34,7,1,0,1
68.0,20.0,81,149,82,25,5,1,1,1
38.0,0.0,147,59,120,34,7,1,1,0
40.0,20.0,71,79,82,25,5,1,1,1
54.95,0.0,139,10,104,6,1,0,1,0
36.0,20.0,0,1878,55,38,9,2,0,1
42.0,0.0,82,24,79,25,5,1,1,0
28.0,30.0,80,321,137,25,5,1,1,1
100.0,0.0,22,229,114,1,0,2,1,0
93.0,40.0,0,150,156,38,9,2,0,1
59.5,0.0,179,88,75,13,2,2,1,0
27.7,46.7,0,260,120,34,7,1,0,1
54.95,0.0,85,10,104,6,1,0,1,0
36.0,0.0,94,27,86,25,5,1,1,0
54.95,0.0,146,10,104,6,1,0,1,0
69.0,0.0,42,10,48,6,1,0,1,0
36.0,20.0,0,1789,55,38,9,2,0,1
64.0,0.0,76,59,120,34,7,1,1,0
54.95,0.0,232,10,104,6,1,0,1,0
69.0,50.0,0,1073,12,38,9,2,0,1
299.99,0.0,38,661,26,37,8,2,1,0
49.95,0.0,44,10,57,6,1,0,1,0
29.99,0.0,207,907,94,37,8,2,1,0
60.0,50.0,36,138,114,1,0,2,1,1
68.4,10.0,150,18,16,42,6,2,1,1
36.0,0.0,22,23,11,25,5,1,1,0
49.95,0.0,45,10,104,6,1,0,1,0
68.6,30.0,0,1878,55,38,9,2,0,1
70.0,0.0,178,149,55,38,9,2,1,0
54.0,0.0,63,185,120,34,7,1,1,0
40.0,32.8,41,29,75,13,2,2,1,1
105.0,0.0,35,75,114,1,0,2,1,0
21.0,0.0,80,999,59,42,6,2,1,0
17.4,70.0,0,260,120,34,7,1,0,1
22.4,20.0,0,321,137,25,5,1,0,1
21.0,30.0,330,321,45,25,5,1,1,1
42.0,0.0,55,59,120,34,7,1,1,0
3.99,7.2,66,365,54,46,3,3,1,1
69.0,0.0,58,10,48,6,1,0,1,0
59.0,39.8,0,1880,103,38,9,2,0,1
59.0,39.8,0,1880,103,38,9,2,0,1
42.0,60.0,268,190,114,1,0,2,1,1
40.0,49.7,0,29,75,12,2,2,0,1
49.95,0.0,12,10,104,6,1,0,1,0
1399.99,9.4,75,365,56,26,3,3,1,1
104.99,30.0,13,1565,100,37,8,2,1,1
49.5,0.0,28,618,75,12,2,2,1,0
64.8,40.0,0,656,156,38,9,2,0,1
44.0,0.0,68,108,152,25,5,1,1,0
76.0,0.0,205,30,79,25,5,1,1,0
40.0,0.0,40,77,120,34,7,1,1,0
44.95,0.0,107,10,101,6,1,0,1,0
49.0,59.2,97,194,114,1,0,2,1,1
49.95,0.0,58,10,104,6,1,0,1,0
59.5,0.0,34,25,75,13,2,2,1,0
32.2,30.0,0,321,144,25,5,1,0,1
62.0,0.0,171,173,120,34,7,1,1,0
50.0,0.0,48,24,85,25,5,1,1,0
64.0,0.0,112,16,140,25,5,1,1,0
76.8,40.0,0,1521,156,38,9,2,0,1
44.0,0.0,56,25,151,25,5,1,1,0
82.8,40.0,234,268,12,38,9,2,1,1
40.0,0.0,0,110,141,25,5,1,0,0
79.99,14.4,91,365,40,24,3,3,1,1
82.0,0.0,0,107,8,25,5,1,0,0
27.99,30.0,353,369,117,37,8,2,1,1
150.0,0.0,22,75,114,1,0,2,1,0
105.0,0.0,32,194,114,1,0,2,1,0
69.5,0.0,84,232,75,13,2,2,1,0
38.5,30.0,0,1114,55,38,9,2,0,1
54.95,0.0,11,5,104,6,1,0,1,0
65.0,0.0,73,158,55,38,9,2,1,0
59.99,0.0,28,1896,21,37,8,2,1,0
110.0,0.0,97,2333,114,1,0,2,1,0
69.99,0.6,4,365,40,17,3,3,1,1
69.0,50.0,0,891,12,38,9,2,0,1
79.5,0.0,14,19,75,13,2,2,1,0
40.0,0.0,155,77,120,34,7,1,1,0
42.0,0.0,24,321,140,25,5,1,1,0
40.0,52.7,65,179,75,13,2,2,1,1
34.95,0.0,89,10,104,6,1,0,1,0
150.4,20.0,0,1340,102,38,9,2,0,1
79.5,0.0,251,19,75,13,2,2,1,0
48.6,10.0,180,112,16,42,6,2,1,1
42.0,0.0,0,321,140,25,5,1,0,0
62.0,0.0,0,149,82,25,5,1,0,0
69.5,0.0,55,19,75,12,2,2,1,0
49.95,0.0,54,10,104,6,1,0,1,0
49.95,0.0,41,10,104,6,1,0,1,0
84.5,0.0,80,19,75,13,2,2,1,0
32.0,0.0,37,194,111,42,6,2,1,0
119.0,15.0,96,173,114,1,0,2,1,1
9.85,0.0,101,365,132,46,4,3,1,0
2.49,13.2,86,365,44,46,3,3,1,1
54.95,0.0,174,5,104,6,1,0,1,0
84.95,0.0,78,10,104,6,1,0,1,0
54.95,0.0,54,5,104,6,1,0,1,0
59.5,0.0,0,232,75,13,2,2,0,0
19.0,0.0,260,1200,61,42,6,2,1,0
54.95,0.0,94,5,104,6,1,0,1,0
46.0,0.0,66,51,82,25,5,1,1,0
2.0,0.0,258,506,110,44,6,2,1,0
79.0,39.2,152,257,114,1,0,2,1,1
81.0,40.0,171,323,156,38,9,2,1,1
55.0,50.0,184,138,114,1,0,2,1,1
19.2,70.0,0,321,140,25,5,1,0,1
55.0,20.9,58,267,75,13,2,2,1,1
37.0,50.0,0,260,120,34,7,1,0,1
13.8,70.0,0,321,147,25,5,1,0,1
35.0,21.3,101,264,75,13,2,2,1,1
34.0,0.0,0,321,147,25,5,1,0,0
29.99,0.0,260,250,2,37,8,2,1,0
140.4,10.0,12,586,16,42,6,2,1,1
59.0,60.1,0,1880,156,38,9,2,0,1
18.4,60.0,0,321,146,25,5,1,0,1
44.0,50.0,0,1062,12,38,9,2,0,1
128.0,0.0,0,394,156,38,9,2,0,0
25.0,0.0,44,262,110,44,6,2,1,0
31.0,50.0,0,260,120,34,7,1,0,1
65.0,0.0,56,160,120,34,7,1,1,0
40.0,0.0,59,215,120,34,7,1,1,0
74.0,0.0,211,23,139,25,5,1,1,0
60.0,0.0,158,77,120,34,7,1,1,0
45.0,0.0,128,145,120,34,7,1,1,0
44.5,0.0,70,52,75,13,2,2,1,0
72.0,20.0,134,79,82,25,5,1,1,1
68.0,49.6,0,1703,156,38,9,2,0,1
69.0,0.0,122,10,48,6,1,0,1,0
51.0,20.9,130,235,75,13,2,2,1,1
54.95,0.0,60,5,104,6,1,0,1,0
54.95,0.0,39,5,104,6,1,0,1,0
43.2,20.0,68,79,140,25,5,1,1,1
54.0,40.0,224,204,7,1,0,2,1,1
44.5,0.0,203,25,75,13,2,2,1,0
118.0,0.0,45,365,55,38,9,2,1,0
54.95,0.0,72,5,104,6,1,0,1,0
198.0,10.0,46,5,16,42,6,2,1,1
