product_id,variant_id,sku,option_value,price,available,position
1,1-1,BEA-ESS-ESS-001,Default,9.99,True,1
2,2-1,BEA-GLA-EYE-002,Default,19.99,True,1
3,3-1,BEA-VEL-POW-003,Default,14.99,True,1
4,4-1,BEA-CHI-LIP-004,Default,12.99,True,1
5,5-1,BEA-NAI-NAI-005,Default,8.99,True,1
6,6-1,FRA-CAL-CAL-006,Default,49.99,True,1
7,7-1,FRA-CHA-CHA-007,Default,129.99,True,1
8,8-1,FRA-DIO-DIO-008,Default,89.99,True,1
9,9-1,FRA-DOL-DOL-009,Default,69.99,True,1
10,10-1,FRA-GUC-GUC-010,Default,79.99,True,1
11,11-1,FUR-ANN-ANN-011,Default,1899.99,True,1
12,12-1,FUR-ANN-ANN-012,Default,2499.99,True,1
13,13-1,FUR-FUR-BED-013,Default,299.99,True,1
14,14-1,FUR-KNO-KNO-014,Default,499.99,True,1
15,15-1,FUR-BAT-WOO-015,Default,799.99,True,1
16,16-1,GRO-BRD-APP-016,Default,1.99,True,1
17,17-1,GRO-BRD-BEE-017,Default,12.99,True,1
18,18-1,GRO-BRD-FOO-018,Default,8.99,True,1
19,19-1,GRO-BRD-CHI-019,Default,9.99,True,1
20,20-1,GRO-BRD-COO-020,Default,4.99,True,1
21,21-1,GRO-BRD-CUC-021,Default,1.49,True,1
22,22-1,GRO-BRD-FOO-022,Default,10.99,True,1
23,23-1,GRO-BRD-EGG-023,Default,2.99,True,1
24,24-1,GRO-BRD-FIS-024,Default,14.99,True,1
25,25-1,GRO-BRD-GRE-025,Default,1.29,True,1
26,26-1,GRO-BRD-GRE-026,Default,0.99,True,1
27,27-1,GRO-BRD-HON-027,Default,6.99,True,1
28,28-1,GRO-BRD-CRE-028,Default,5.49,True,1
29,29-1,GRO-BRD-JUI-029,Default,3.99,True,1
30,30-1,GRO-BRD-KIW-030,Default,2.49,True,1
31,31-1,GRO-BRD-LEM-031,Default,0.79,True,1
32,32-1,GRO-BRD-MIL-032,Default,3.49,True,1
33,33-1,GRO-BRD-MUL-033,Default,4.99,True,1
34,34-1,GRO-BRD-NES-034,Default,7.99,True,1
35,35-1,GRO-BRD-POT-035,Default,2.29,True,1
36,36-1,GRO-BRD-PRO-036,Default,19.99,True,1
37,37-1,GRO-BRD-ONI-037,Default,1.99,True,1
38,38-1,GRO-BRD-RIC-038,Default,5.99,True,1
39,39-1,GRO-BRD-SOF-039,Default,1.99,True,1
40,40-1,GRO-BRD-STR-040,Default,3.99,True,1
41,41-1,GRO-BRD-TIS-041,Default,2.49,True,1
42,42-1,GRO-BRD-WAT-042,Default,0.99,True,1
43,43-1,HOM-BRD-DEC-043,Default,59.99,True,1
44,44-1,HOM-BRD-FAM-044,Default,29.99,True,1
45,45-1,HOM-BRD-HOU-045,Default,39.99,True,1
46,46-1,HOM-BRD-PLA-046,Default,14.99,True,1
47,47-1,HOM-BRD-TAB-047,Default,49.99,True,1
48,48-1,KIT-BRD-BAM-048,Default,7.99,True,1
49,49-1,KIT-BRD-BLA-049,Default,5.99,True,1
50,50-1,KIT-BRD-BLA-050,Default,9.99,True,1
51,51-1,KIT-BRD-BOX-051,Default,39.99,True,1
52,52-1,KIT-BRD-CAR-052,Default,29.99,True,1
53,53-1,KIT-BRD-CHO-053,Default,12.99,True,1
54,54-1,KIT-BRD-CIT-054,Default,8.99,True,1
55,55-1,KIT-BRD-SLI-055,Default,6.99,True,1
56,56-1,KIT-BRD-ELE-056,Default,49.99,True,1
57,57-1,KIT-BRD-FIN-057,Default,9.99,True,1
58,58-1,KIT-BRD-FOR-058,Default,3.99,True,1
59,59-1,KIT-BRD-GLA-059,Default,4.99,True,1
60,60-1,KIT-BRD-GRA-060,Default,10.99,True,1
61,61-1,KIT-BRD-HAN-061,Default,34.99,True,1
62,62-1,KIT-BRD-CUB-062,Default,5.99,True,1
63,63-1,KIT-BRD-KIT-063,Default,7.99,True,1
64,64-1,KIT-BRD-KNI-064,Default,14.99,True,1
65,65-1,KIT-BRD-LUN-065,Default,12.99,True,1
66,66-1,KIT-BRD-MIC-066,Default,89.99,True,1
67,67-1,KIT-BRD-TRE-067,Default,15.99,True,1
68,68-1,KIT-BRD-PRD-068,Default,24.99,True,1
69,69-1,KIT-BRD-PLA-069,Default,3.99,True,1
70,70-1,KIT-BRD-TON-070,Default,6.99,True,1
71,71-1,KIT-BRD-SIL-071,Default,39.99,True,1
72,72-1,KIT-BRD-SLO-072,Default,8.99,True,1
73,73-1,KIT-BRD-SPI-073,Default,19.99,True,1
74,74-1,KIT-BRD-SPO-074,Default,4.99,True,1
75,75-1,KIT-BRD-TRA-075,Default,16.99,True,1
76,76-1,KIT-BRD-WOO-076,Default,11.99,True,1
77,77-1,KIT-BRD-YEL-077,Default,5.99,True,1
78,78-1,LAP-APP-APP-078,Default,1999.99,True,1
79,79-1,LAP-ASU-ASU-079,Default,1799.99,True,1
80,80-1,LAP-HUA-HUA-080,Default,1399.99,True,1
81,81-1,LAP-LEN-LEN-081,Default,1099.99,True,1
82,82-1,LAP-DEL-DEL-082,Default,1499.99,True,1
83,83-1,MEN-FAS-BLU-083,Default,29.99,True,1
84,84-1,MEN-GIG-GIG-084,Default,24.99,True,1
85,85-1,MEN-CLA-PLA-085,Default,34.99,True,1
86,86-1,MEN-CAS-SHO-086,Default,19.99,True,1
87,87-1,MEN-URB-CHE-087,Default,27.99,True,1
88,88-1,MEN-NIK-NIK-088,Default,149.99,True,1
89,89-1,MEN-NIK-NIK-089,Default,79.99,True,1
90,90-1,MEN-PUM-PUM-090,Default,89.99,True,1
91,91-1,MEN-OFF-SPO-091,Default,119.99,True,1
92,92-1,MEN-OFF-SPO-092,Default,109.99,True,1
93,93-1,MEN-FAS-BRO-093,Default,89.99,True,1
94,94-1,MEN-LON-LON-094,Default,1499.99,True,1
95,95-1,MEN-ROL-ROL-095,Default,8999.99,True,1
96,96-1,MEN-ROL-ROL-096,Default,12999.99,True,1
97,97-1,MEN-ROL-ROL-097,Default,10999.99,True,1
98,98-1,MEN-ROL-ROL-098,Default,13999.99,True,1
99,99-1,MOB-AMA-AMA-099,Default,99.99,True,1
100,100-1,MOB-APP-APP-100,Default,129.99,True,1
8678656409688,43820512739416,ST-GOTGFC,Space Black,79.99,False,1
8546716188760,43505486495832,ST-KEX1S-EN,Silver,49.99,False,1
8546716188760,43505486463064,ST-KEX1C-EN,Space Black,49.99,False,2
8546727723096,43505498816600,ST-KEX3S-EN,Silver,69.99,False,1
8546727723096,43505498783832,ST-KEX3C-EN,Space Black,69.99,False,2
8546739486808,43505515495512,ST-MEXC,Space Black,29.99,False,1
8546739486808,43505515528280,ST-MEXS,Silver,29.99,False,2
8546620342360,43505236312152,ST-YTB5100K,Default Title,39.99,False,1
8542774034520,43479017259096,ST-DT5CES-US,US,399.99,True,1
8499460440152,43298822389848,ST-POTG7C,Default Title,59.99,True,1
8495660105816,43686337871960,AP-YC100U,Purple,24.99,True,1
8495660105816,43688624750680,AP-YC100E,Coral Pink,24.99,True,2
219822096393,2265695125513,ST-TCMM8PAM,Space Gray,69.99,False,1
219822096393,2265695092745,ST-TCMM8PAS,Silver,69.99,False,2
8447179259992,43118799716440,ST-MOTGK,Black,29.99,True,1
8447179259992,43118799749208,ST-MOTGW,Sand,29.99,True,2
8447177228376,43118790475864,ST-KOTGK-EN,Black,79.99,True,1
8447177228376,43118790508632,ST-KOTGW-EN,Sand,79.99,True,2
8405565341784,42987561648216,ST-LOTGLK,Black,29.99,True,1
8405565341784,42987561680984,ST-LOTGLW,Sand,29.99,True,2
8405565341784,42987561713752,ST-LOTGLR,Desert Rose,29.99,True,3
8405563834456,42987554177112,ST-COTG67K-US,Black,59.99,True,1
8405563834456,42987554209880,ST-COTG67W-US,Sand,59.99,True,2
8405563834456,42987554242648,ST-COTG67R-US,Desert Rose,59.99,True,3
8412374401112,43010560229464,ST-YU4120K,Default Title,29.99,True,1
8371648168024,42873024675928,ST-EU4SNSS,Default Title,119.99,True,1
8374788391000,42879746211928,ST-LFALTK,Black,44.99,True,1
8374788391000,42879746244696,ST-LFALTW,Sand,44.99,True,2
8374788391000,42879746277464,ST-LFALTR,Desert Rose,44.99,True,3
8374783508568,42899584024664,ST-LFAWCK,Black,34.99,True,1
8374783508568,42899588743256,ST-LFAWCW,Sand,34.99,True,2
8374783508568,42899588776024,ST-LFAWCR,Desert Rose,34.99,True,3
8378405814360,42889233236056,ST-VPCK,Black,59.99,True,1
8378405814360,42889233268824,ST-VPCW,Sand,59.99,False,2
8378405814360,42889233301592,ST-VPCR,Desert Rose,59.99,True,3
8374806413400,42879781339224,ST-LFAGCK,Black,49.99,True,1
8374806413400,42879781371992,ST-LFAGCW,Sand,49.99,True,2
8374806413400,42879781404760,ST-LFAGCR,Desert Rose,49.99,True,3
8374791438424,42899181666392,ST-LKCFK,Black,29.99,True,1
8374791438424,42879749554264,ST-LKCFW,Sand,29.99,True,2
8374791438424,42879749587032,ST-LKCFR,Desert Rose,29.99,True,3
8359385694296,42847252971608,ST-B5Q2SK,Black,69.99,False,1
8359385694296,42847253004376,ST-B5Q2SW,Sand,69.99,False,2
8359385694296,42847253037144,ST-B5Q2SR,Desert Rose,69.99,False,3
8359214121048,42846657871960,ST-B10Q2SK,Black,89.99,False,1
8359214121048,42846657904728,ST-B10Q2SW,Sand,89.99,False,2
8359214121048,42846657937496,ST-B10Q2SR,Desert Rose,89.99,False,3
8231802798168,42520167186520,ST-QTG31K,Black,99.99,True,1
8231802798168,42520167219288,ST-QTG31W,Sand,99.99,True,2
8231802798168,42795361108056,ST-QTG31R,Desert Rose,99.99,True,3
8231811285080,42520170397784,ST-QTG21K,Black,79.99,True,1
8231811285080,42520170430552,ST-QTG21W,Sand,79.99,True,2
8231811285080,42795347542104,ST-QTG21R,Desert Rose,79.99,False,3
8320702939224,42757670928472,AP-YCR100K,Default Title,17.99,True,1
4464985997400,32123325841496,ST-HK1OAW-EU,EU,27.99,True,1
8231812857944,42520173150296,ST-GNMMES,Default Title,99.99,True,2
8243961364568,42541677772888,ST-P3D13K,Default Title,99.99,True,2
8132651581528,42272217464920,ST-KSM3LT-EN,Light,119.99,True,1
8132651581528,42272217432152,ST-KSM3DK-EN,Dark,119.99,False,2
1564891086936,15389386670168,ST-AMSHM,Space Gray,89.99,False,1
1564891086936,15389385261144,ST-AMSHS,Silver,62.99,False,2
7360815464536,40226871279704,ST-VLWK,Black,39.99,False,1
7360815464536,40226871246936,ST-VLWB,Dark Blue,39.99,True,2
7360815464536,40258365718616,ST-VLWN,Brown,39.99,False,3
7360815464536,40258365751384,ST-VLWO,Orange,39.99,True,4
7360815464536,41329252008024,AP-MWSB,Light Blue,27.99,True,5
7360815464536,42413020119128,ST-VLWR,Desert Rose,39.99,True,6
7360815464536,43688819556440,AP-MWSU,Aqua,39.99,True,7
7360815464536,43688819589208,AP-MWSE,Coral Pink,39.99,True,8
8132766269528,42272387727448,ST-E2230M,Default Title,59.99,True,2
8164368941144,42345597665368,ST-HXRSDM,Default Title,44.99,True,2
8164367073368,42345596911704,ST-HXRAJM,Default Title,44.99,True,2
8132698570840,42272301776984,ST-QTPM-EA,Default Title,129.99,True,2
8131441688664,42270016503896,ST-H4CPDM,Default Title,39.99,True,2
8130531229784,42270516150360,ST-P7SM,Space Gray,79.99,True,3
8130531229784,42270516183128,ST-P7SS,Silver,79.99,True,4
8130531229784,42270516215896,ST-P7SK,Black,79.99,True,5
8130531590232,42270580211800,ST-P6SM,Space Gray,69.99,True,3
8130531590232,42270580244568,ST-P6SS,Silver,69.99,True,4
8130531590232,42270580277336,ST-P6SK,Black,69.99,True,5
8124831531096,42257434837080,ST-P4SM,Space Gray,59.99,True,2
8124831531096,42257434869848,ST-P4SS,Silver,59.99,True,3
8124831531096,42257434902616,ST-P4SK,Black,59.99,True,4
8124836118616,42269606346840,ST-LMPK,Black,19.99,True,1
8124836118616,42269606412376,ST-LMPB,Blue,19.99,True,2
8124836118616,42269606379608,ST-LMPN,Brown,19.99,True,3
8124028977240,42255997993048,ST-LPDMK,Black,39.99,True,1
8124028977240,42255998025816,ST-LPDMN,Brown,39.99,True,2
8124028977240,42255998058584,ST-LPDMB,Blue,39.99,True,3
8124028977240,43688930312280,AP-LPDMU,Future Dusk,39.99,True,4
8093403349080,42180772626520,ST-UCSHXLM,Default Title,69.99,True,2
8044141543512,42035383074904,ST-QCAWM,Default Title,39.99,True,2
8011962744920,41976703975512,ST-H3C25EM,Default Title,44.99,True,2
7948027592792,41796984307800,ST-Q2CCM,Default Title,59.99,True,2
7486000136280,40923747090520,ST-DT4MDM-US,US,299.99,True,2
7486000136280,40923747123288,ST-DT4MDM-EU,EU,299.99,True,3
7779030958168,41489057087576,ST-Q31FM-EA,Default Title,129.99,True,2
7526109347928,40908702089304,ST-Q21FM,Default Title,79.99,True,2
7485814374488,40922816348248,ST-P8KEM,Space Gray,99.99,True,1
7485814374488,40922816381016,ST-P8KED,Midnight,99.99,True,2
7485814374488,40922816413784,ST-P8KES,Silver,99.99,True,3
7485992108120,40748263342168,ST-W145GTM,Default Title,119.99,True,1
7523644571736,40898623471704,ST-HT4SHM-US,US,199.99,True,1
7523644571736,40898623504472,ST-HT4SHM-EU,EU,199.99,False,2
7485999022168,40748271632472,ST-GMMSHS,Default Title,99.99,True,1
7485986537560,41020472361048,ST-KSM1LT-EN,Light,99.99,True,2
7485986537560,41020472393816,ST-KSM1DK-EN,Dark,99.99,True,3
7407441805400,40260285661272,ST-AC8KHM,Default Title,44.99,True,1
7407453864024,40260285726808,ST-YH8KCM,Default Title,49.99,True,1
7407434793048,40260285595736,ST-AE25M,Default Title,39.99,True,1
7374093418584,40258362769496,ST-V11PPK,"11""",31.99,False,1
7374093418584,40258362802264,ST-V12PPK,"12.9""",31.99,True,2
7422828970072,40594244534360,ST-UC2WCDM,Default Title,34.99,False,1
2081972519000,20500376059992,ST-ABTCMM,Space Gray,29.99,True,1
2081972519000,40594720817240,ST-ABTCMS,Silver,29.99,True,2
2081972519000,40594720981080,ST-ABTCMB,Blue,29.99,True,3
2081972519000,40594721013848,ST-ABTCMG,Gold,29.99,True,4
2081972519000,40594721046616,ST-ABTCMR,Rose Gold,29.99,True,5
7353257820248,40207476064344,ST-DDSM,Default Title,169.99,True,1
7361824325720,40230023037016,ST-YTB100K,Default Title,39.99,True,1
7361824129112,40230022840408,ST-YU4120M,Default Title,29.99,False,1
7361249575000,40228609949784,ST-HSP9P,Default Title,41.99,True,1
7352710234200,40223722438744,ST-DT4PMM-US,US,349.99,True,1
7352710234200,40223722471512,ST-DT4PMM-EU,EU,349.99,False,2
7352710234200,40223722504280,ST-DT4PMM-UK,UK,349.99,False,3
7361066991704,40227980247128,ST-D4KTM-US,US,299.99,True,1
7361066991704,40227980279896,ST-D4KTM-EU,EU,299.99,True,2
7361066991704,40234962747480,ST-D4KTM-UK,UK,299.99,False,3
7351628890200,40204127993944,ST-MBAM2CL,Clear,44.99,False,1
7351628890200,40204128026712,ST-MBAM2DR,Dark,31.99,False,2
7349338144856,40199509835864,ST-HUCPHSM,Space Gray,79.99,True,1
7349338144856,40199509868632,ST-HUCPHSS,Silver,79.99,True,2
7349338144856,40199509803096,ST-HUCPHSD,Midnight,79.99,True,3
7326669307992,40197715492952,ST-C200GM-US,US,149.99,True,1
7326669307992,40197715525720,ST-C200GM-AU,AU,149.99,False,2
7326669307992,40197715558488,ST-C200GM-EU,EU,149.99,False,3
7326669307992,40197715591256,ST-C200GM-UK,UK,114.99,False,4
7309118505048,40143299674200,ST-T4SHM,US,199.99,False,1
7309118505048,40196300865624,ST-T4SHM-EU,EU,139.99,True,2
7309118505048,40196300898392,ST-T4SHM-UK,UK,139.99,False,3
7309118505048,40196300931160,ST-T4SHM-AU,AU,139.99,False,4
7344673259608,40188470067288,ST-EU4NPM,Default Title,119.99,True,1
4853038448728,40194770796632,ST-BTSX3M,Space Gray,89.99,True,1
4853038448728,40194770829400,ST-BTSX3S,Silver,89.99,False,2
4852959707224,40194770206808,ST-BTSX1M,Space Gray,69.99,True,1
4852959707224,40194770239576,ST-BTSX1S,Silver,69.99,True,2
7298769748056,40133408981080,ST-UCDWPBSM,Default Title,69.99,True,1
6818190196824,39673083035736,ST-UCT4DM,Default Title,199.99,True,1
7256107515992,40077603438680,ST-MBP14CL,14 inch / Clear,44.99,True,1
7256107515992,40077603471448,ST-MBP14DR,14 inch / Dark,31.99,False,2
7256107515992,40077603504216,ST-MBP16CL,16 inch / Clear,44.99,True,3
7256107515992,40077603536984,ST-MBP16DR,16 inch / Dark,31.99,True,4
1987963060312,40122509688920,ST-TCC2MM,Space Gray,19.99,True,1
1987963060312,40122509721688,ST-TCC2MB,Blue,13.99,False,2
1987963060312,40122509754456,ST-TCC2MV,Purple,13.99,False,3
4928032342104,40113887674456,ST-UCMBAM,Space Gray,99.99,False,1
4928032342104,40113887707224,ST-UCMBAK,Black,69.99,False,2
7190268280920,40001937539160,ST-UCNSEM,Default Title,34.99,False,1
4763139735640,33364039499864,ST-TC100GM,US,79.99,True,1
4763139735640,39973229625432,ST-TC100GM-AU,AU,59.99,True,2
4763139735640,39973229658200,ST-TC100GM-EU,EU,55.99,False,3
4763139735640,39973229690968,ST-TC100GM-UK,UK,55.99,False,4
7116462555224,39942903496792,ST-UCISDS,Silver,104.99,True,1
7116462555224,39942903529560,ST-UCISDB,Blue,104.99,False,2
7052558958680,39894532194392,ST-8KHC2MM,Default Title,29.99,True,1
7052264931416,39894228467800,ST-ADVSM,Space Gray,49.99,False,1
7014634913880,39859537313880,ST-U4C80M,2.6ft,20.99,True,1
7014634913880,39859537346648,ST-U4C25M,10in,24.99,True,2
6912145195096,39765841444952,ST-UCHSMCM,Default Title,55.99,True,1
6912136839256,39787940905048,ST-UC165GM,US,119.99,True,1
6912136839256,39787940937816,ST-UC165GM-EU,EU,119.99,True,2
6912136839256,39787940970584,ST-UC165GM-UK,UK,83.99,False,3
6912136839256,39787941003352,ST-UC165GM-AU,AU,119.99,False,4
6841160335448,39774105600088,ST-UCPHMXM,Space Gray,69.99,False,1
6841160335448,39774105632856,ST-UCPHMXS,Silver,69.99,False,2
6912116588632,39765830303832,ST-U4MA3M,Default Title,149.99,False,1
6823861616728,39679041437784,ST-UCM1HM,Default Title,104.99,True,1
6884195369048,39743884755032,ST-UCMXAM,Default Title,125.99,True,1
6841221513304,39702395682904,ST-UCPHMIM,Space Gray,48.99,False,1
6841221513304,39702395715672,ST-UCPHMIS,Silver,48.99,True,2
6818180038744,39673064325208,ST-UCHSEM,Space Gray,62.99,True,1
6818180038744,39673064357976,ST-UCHSEK,Black,62.99,False,2
10464027849,46250351497,ST-TCHCRM,Space Gray,34.99,True,1
10464027849,46250351433,ST-TCHCRS,Silver,24.99,False,2
10464027849,39600725721176,ST-TCHCRB,Blue,24.99,False,3
6708209156184,39527884390488,ST-AMCCM,Default Title,17.99,True,1
6709379694680,39529389391960,ST-UCICHS,Silver,54.99,True,1
6709379694680,39702690398296,ST-UCICHB,Blue,38.99,False,2
6668863471704,39480692408408,ST-UC100WSM,US,48.99,False,1
6668863471704,39823703343192,ST-UC100WSM-EU,EU,48.99,False,2
6668863471704,39823719006296,ST-UC100WSM-UK,UK,48.99,False,3
6668863471704,39823720317016,ST-UC100WSM-AU,AU,48.99,True,4
6606001930328,39389025173592,ST-BTSX2M,Default Title,79.99,True,1
6630202343512,39420455059544,ST-AWUCMM,Space Gray,19.99,True,1
6607849095256,39394193965144,ST-TCSHIPM,Default Title,69.99,False,1
4907575083096,33699358802008,ST-BTMR2M,Default Title,44.99,False,1
4907565383768,33699335274584,ST-BTPR1M,Default Title,49.99,True,1
4852981203032,33573674254424,ST-UCSW1M,Default Title,59.99,True,1
4881686036568,33643715592280,ST-WMCS2M,Default Title,59.99,True,1
4881683742808,33653417279576,ST-WCS5PM,US,59.99,True,1
4881683742808,39286540730456,ST-WCS5PM-UK,UK,41.99,False,2
4881683742808,39286541353048,ST-WCS5PM-EU,EU,59.99,False,3
4881683742808,39286542008408,ST-WCS5PM-AU,AU,59.99,False,4
4853065089112,33573884231768,ST-UCSW3M,Default Title,69.99,True,1
4829667557464,33506191605848,ST-UCQIMCM,Space Gray,20.99,True,1
4751519318104,33330314969176,ST-TCC10M,Default Title,8.99,True,1
4751549792344,33330407735384,ST-TCL10M,Default Title,12.99,False,1
4731499446360,33270686875736,ST-UC10WPBM,Default Title,69.99,False,1
4640439959640,32976105439320,ST-UCATCM,Default Title,14.99,True,1
4566502080600,32629371437144,ST-TCWCDM,Default Title,20.99,True,1
9471481545,35836287945,ST-LTB13,13-Inch,24.99,True,1
9471481545,35836382153,ST-LTB15,15-Inch,27.99,False,2
4437101805656,32118454386776,ST-TC108WM,USA,55.99,False,1
4437069332568,32008960573528,ST-X3TWCPM,Default Title,83.99,True,1
4428788072536,31972324769880,ST-TCMCAWM,Default Title,39.99,True,1
4189314777176,33595995947096,ST-ABHFM,Space Gray,55.99,True,1
4189314777176,33595995979864,ST-ABHFS,Silver,55.99,False,2
4250147684440,30751528419416,ST-XLABKM,Space Gray,44.99,False,1
4250147684440,30751528386648,ST-XLABKS,Silver,44.99,True,2
3966465015896,29681251582040,ST-TCPDCCM,Space Gray,29.99,True,1
3966465015896,29681251549272,ST-TCPDCCS,Silver,20.99,False,2
2103772840024,20623318679640,ST-HK2OAW,USA,41.99,True,1
2103772840024,29982394089560,ST-HK2OAW-EU,EU,41.99,False,2
1930120724568,19492515709016,ST-MCCAM-UK,UK,45.99,True,1
1930120724568,19492515741784,ST-MCCAM-EU,EU,45.99,False,2
1927332364376,19474588827736,ST-TAUCS,1 Pack / Silver,7.99,True,1
1927332364376,19474588860504,ST-TAUCM,1 Pack / Space Gray,7.99,True,2
1927332364376,43745744650328,,1 Pack / Space Black,7.99,False,3
1927332364376,43745744683096,,2 Pack / Silver,7.99,False,4
1927332364376,43745744715864,,2 Pack / Space Gray,7.99,False,5
1927332364376,43745744748632,ST-A2TAUCC,2 Pack / Space Black,13.99,True,6
219806859273,2265460277257,ST-TCPHEM,Space Gray,62.99,True,1
219806859273,2265460244489,ST-TCPHES,Silver,69.99,True,2
113488232457,1465750585353,ST-TCIMHM,Space Gray,34.99,False,1
113488232457,40194039873624,ST-TCIMHS,Silver,34.99,False,2
79486091273,822360473609,ST-TC2N1USB31AM,Space Gray,39.99,True,1
79486091273,822360440841,ST-TC2N1USB31AS,Silver,27.99,False,2
10403078921,45020091145,ST-TCMA2M,Space Gray,89.99,True,1
10403078921,45020091081,ST-TCMA2S,Silver,89.99,True,2
10403078921,19474546163800,ST-TCMA2G,Gold,62.99,False,3
9601078217,36651704329,ST-TCENM,Space Gray,29.99,True,1
9601078217,36651704201,ST-TCENS,Silver,29.99,False,2
9389882761,35176191881,ST-R1M,Space Gray,49.99,False,1
9389882761,12143098593394,ST-R1K,Black,34.99,False,2
9389882761,35176191689,ST-R1,Silver,34.99,False,3
9389882761,39667332939864,ST-R1B,Blue,34.99,False,4
9381681289,35099869065,ST-TC4KHAM,Space Gray,34.99,True,1
9381681289,35099868937,ST-TC4KHAS,Silver,24.49,False,2
9367349769,34900214729,ST-CMBPM,Space Gray,59.99,True,1
9367349769,34900214857,ST-CMBPS,Silver,69.99,False,2
8285871305,27299169161,ST-TCUPM,Space Gray,31.99,False,1
8285871305,27299169097,ST-TCUPS,Silver,23.99,True,2
8285871305,27299168969,ST-TCUPR,Rose Gold,31.99,False,3
8286158729,27300143433,ST-TCUAM,Space Gray,14.99,True,1
8286158729,27300143369,ST-TCUAS,Silver,10.99,False,2
8286158729,27300143305,ST-TCUAG,Gold,14.99,False,3
8285903049,27299302409,ST-TCUHM,Space Gray,27.99,True,1
8285391369,27297145289,ST-SALKPM,Space Gray,39.99,True,1
8285391369,27297145225,ST-SALKPG,Gold,39.99,False,2
8285391369,27297145097,ST-SALKPS,Silver,39.99,True,3
8285324489,27296854025,ST-CMAM,Space Gray,41.99,False,1
8285324489,27296853897,ST-CMAS,Silver,41.99,False,2
8285324489,27296853641,ST-CMAG,Gold,41.99,True,3
8246406665,27141799689,ST-LEDM5XK,Black,34.99,True,1
8244794633,34058399049,ST-BMB,Default Title,29.99,True,1
8231688329,27067045065,ST-TCMAM,Space Gray,62.99,False,1
8231688329,27067044937,ST-TCMAS,Silver,62.99,False,2
8231688329,27067045001,ST-TCMAG,Gold,62.99,False,3
8871298203890,48102841745650,KC999,Default Title,25.0,True,1
8797748363506,47808406094066,KBUN171,Default Title,25.0,True,1
8907434721522,48454639550706,KF157,Default Title,39.0,True,1
8871308165362,48102874513650,KF152,Default Title,25.0,True,1
8946682888434,48699297890546,KF149,Default Title,25.0,True,1
8968918466802,48762183024882,KBUN197,Default Title,0.0,True,1
8968920203506,48762188005618,KBUN199,Default Title,0.0,True,1
8968919875826,48762185122034,KBUN198,Default Title,0.0,True,1
8910261354738,48468867252466,KF151,Default Title,2.0,True,1
8994192031986,48873470656754,KL045,Default Title,198.0,True,1
8990756077810,48859267662066,KL044,Default Title,144.0,True,1
8111661121778,45250263154930,KBUN110,Default Title,83.7,True,1
8501407645938,46430770888946,KC615,Default Title,5.0,True,1
8976839966962,48794709000434,KBUN201,Default Title,55.8,True,1
8976836722930,48794636058866,KBUN200,Default Title,68.4,True,1
8947554746610,48702435492082,KC1036,Default Title,22.0,True,1
8981560819954,48816127312114,KL043,Default Title,99.0,True,1
8970480287986,48767494717682,KC1083,Default Title,27.0,True,1
8953233211634,48722968281330,KL042,Default Title,101.7,True,1
8950475587826,48713522086130,KBUN196,Default Title,94.5,True,1
8843376689394,48018059231474,KBUN188,Default Title,63.9,True,1
8786710167794,47745840808178,KC1019,Default Title,25.0,True,1
8929327972594,48642841280754,KBUN195,Default Title,153.0,True,1
8907946623218,48457107243250,KBUN193,Default Title,228.6,True,1
8907946197234,48457104621810,KBUN192,Default Title,103.5,True,1
8907945738482,48457103933682,KBUN191,Default Title,85.5,True,1
8907945378034,48457102786802,KBUN190,Default Title,76.5,True,1
8907391402226,48454462144754,KF147,Default Title,29.0,True,1
8907391992050,48454466076914,KF144,30ml,56.0,True,1
8907391992050,48454466109682,KF145,50ml,66.0,True,2
8907391992050,48454466044146,KF146,100ml,86.0,True,3
8934230950130,48661798813938,ENGRAVINGCHARGE30ML,30ml,10.0,True,1
8934230950130,48661798846706,ENGRAVINGCHARGE50ML,50ml,10.0,True,2
8934230950130,48661798879474,ENGRAVINGCHARGE100ML,100ml,10.0,True,3
8929383579890,48642998730994,KL041,Default Title,73.8,True,1
8907434164466,48454637617394,KF156,Default Title,66.0,True,1
8907432820978,48454633750770,KF155,Default Title,56.0,True,1
8910261813490,48468867940594,KF153,Default Title,88.0,True,1
8907430985970,48454623428850,KF154,Default Title,65.0,True,1
8910437613810,48469433319666,KL040,Default Title,187.2,True,1
8836186276082,47980353454322,KBUN185,Default Title,42.3,True,1
8648768585970,47129304334578,KBUN149,Default Title,64.8,True,1
8446804492530,46202407223538,KBUN129,Default Title,55.8,True,1
8446785159410,46202324386034,KBUN127,Default Title,56.7,True,1
8783757934834,47733706031346,KL012,Default Title,81.9,True,1
8878857617650,48134194364658,KL018,Default Title,132.3,True,1
8822150627570,47930319372530,KL020,Default Title,131.4,True,1
8843622940914,48018902122738,KL021,Default Title,198.9,True,1
8843603378418,48018850119922,KL022,Default Title,172.8,True,1
8861534159090,48081240555762,KL024,Default Title,133.2,True,1
8885539799282,48161792721138,KL030,Default Title,250.2,True,1
8885544976626,48161815494898,KL034,Default Title,141.3,True,1
8886508519666,48171282333938,KL039,Default Title,79.2,True,1
8113424269554,45256526528754,KBUN107,Default Title,36.0,True,1
8425258385650,46141202170098,KBUN120,Default Title,38.7,True,1
8738505326834,47542081323250,KBUN160,Default Title,48.6,True,1
8085743337714,45124248568050,KF112,Default Title,2.0,True,1
8585766469874,46820892115186,KF109,Default Title,25.0,True,1
8886085648626,48165474402546,KL038,Default Title,160.2,True,1
8886085288178,48165473157362,KL037,Default Title,229.5,True,1
8885560836338,48161956659442,KL004,Default Title,191.7,True,1
8885547335922,48161832141042,KL036,Default Title,169.2,True,1
8885545894130,48161819427058,KL035,Default Title,192.6,True,1
8885543665906,48161798324466,KL033,Default Title,188.1,True,1
8885543305458,48161797406962,KL032,Default Title,215.1,True,1
8885541765362,48161795014898,KL031,Default Title,153.0,True,1
8885538717938,48161789640946,KL029,Default Title,60.3,True,1
8885537636594,48161787904242,KL028,Default Title,179.1,True,1
8885515288818,48161759166706,KL027,Default Title,198.9,True,1
8885513322738,48161753268466,KL025,Default Title,114.3,True,1
8878892876018,48134276284658,KL003,Default Title,94.5,True,1
8878891860210,48134273597682,KL005,Default Title,84.6,True,1
8878890287346,48134266421490,KL006,Default Title,84.6,True,1
8878889599218,48134262685938,KL007,Default Title,89.1,True,1
8878889042162,48134261965042,KL008,Default Title,110.7,True,1
8878887895282,48134257737970,KL009,Default Title,108.9,True,1
8878871970034,48134242631922,KL010,Default Title,63.0,True,1
8878871183602,48134238044402,KL011,Default Title,137.7,True,1
8878870397170,48134235160818,KL013,Default Title,168.3,True,1
8878868529394,48134227198194,KL014,Default Title,135.0,True,1
8878867644658,48134225527026,KL015,Default Title,138.6,True,1
8878866202866,48134222217458,KL016,Default Title,174.6,True,1
8878864564466,48134217105650,KL017,Default Title,219.6,True,1
8878855815410,48134188335346,KL019,Default Title,154.8,True,1
8853814280434,48059177664754,KC1038,Default Title,139.3,True,1
8750507000050,47588364321010,KC986,Default Title,5.0,True,1
8839647133938,48003594191090,KC1060,a decade,36.0,True,1
8839647133938,48003594092786,KC1059,kylie jenner lips,36.0,True,2
8839647133938,48003594125554,KC1056,true brown k,36.0,True,3
8839647133938,48003594158322,KC1061,dead of knight,36.0,True,4
8839647756530,48003595272434,KC1055,like,21.0,True,1
8839647756530,48003595337970,KC1057,literally,21.0,True,2
8839647756530,48003595305202,KC1058,she's back,21.0,True,3
8839643267314,48003575578866,KC852,Default Title,26.0,True,1
8839641792754,48003570696434,KC851,Default Title,35.0,True,1
8836186177778,47980353257714,KBUN184,Default Title,42.3,True,1
8836118085874,47980086395122,KC1001,Default Title,25.0,True,1
8818049712370,47893557706994,KBUN183,Default Title,75.6,True,1
8818047746290,47893552627954,KF138,Default Title,28.0,True,1
8818047713522,47893552595186,KF140,Default Title,28.0,True,1
8818047779058,47893552660722,KF139,Default Title,28.0,True,1
8808543715570,47856917905650,KC988,Default Title,35.0,True,1
8808742060274,47857760567538,KC987,Default Title,40.0,True,1
8808691695858,47857556422898,KC989,Default Title,22.0,True,1
8808770535666,47857856512242,KS496,Default Title,32.0,True,1
8808779677938,47857878630642,KS495,Default Title,32.0,True,1
8808880177394,47858154340594,KF133,Default Title,65.0,True,1
8808880144626,47858154307826,KF135,Default Title,85.0,True,1
8808891318514,47858184716530,KF136,Default Title,29.0,True,1
8808891351282,47858184749298,KF134,Default Title,56.0,True,1
8808899674354,47858212962546,KF132,Default Title,88.0,True,1
8808929296626,47858272895218,KBUN175,Default Title,177.3,True,1
8808541290738,47856900374770,KBUN174,Default Title,130.5,True,1
8808540635378,47856899588338,KBUN172,Default Title,79.2,True,1
8808534802674,47856874815730,KC998,Default Title,22.0,True,1
8808534343922,47856871801074,KC997,Default Title,22.0,True,1
8808533786866,47856870686962,KC996,Default Title,22.0,True,1
8808533491954,47856869507314,KC995,Default Title,22.0,True,1
8743955497202,47560563196146,KC968,Default Title,5.0,True,1
8743955464434,47560563163378,KC967,Default Title,5.0,True,1
8683375984882,47270575210738,KF131,Default Title,25.0,True,1
8558929838322,46684126019826,KF107,Default Title,60.0,True,1
8791530012914,47776959791346,KBUN170,Default Title,45.0,True,1
8683330699506,47270369165554,KC994,Default Title,25.0,True,1
8585766502642,46820892147954,KF110,Default Title,25.0,True,1
8401331060978,46061752615154,KBUN124,Default Title,36.0,True,1
8680502395122,47259492581618,KF129,Default Title,25.0,True,1
8670775542002,47211955650802,KF126,Default Title,0.0,True,1
8762800734450,47644867199218,KBUN167,Default Title,62.1,True,1
8762800472306,47644866576626,KBUN166,Default Title,51.3,True,1
8740880744690,47551460311282,KC970,kylie,35.0,True,1
8740880744690,47551460180210,KC973,coconut 2.0,35.0,True,2
8740880744690,47551460278514,KC971,candy pink,35.0,True,3
8740880744690,47551460212978,KC969,comes naturally,35.0,True,4
8740880744690,47551460147442,KC972,dolce k,35.0,True,5
8740880744690,47551460245746,KC974,espresso,35.0,True,6
8557948240114,46677740388594,KC892,Default Title,25.0,True,1
8766538875122,47667979518194,giftcard,$10.00,10.0,True,1
8766538875122,47667985744114,giftcard,$25.00,25.0,True,2
8766538875122,47667985776882,giftcard,$50.00,50.0,True,3
8766538875122,47667985809650,giftcard,$75.00,75.0,True,4
8766538875122,47667985842418,giftcard,$100.00,100.0,True,5
8766538875122,47667985875186,giftcard,$150.00,150.0,True,6
8766538875122,47667985907954,giftcard,$200.00,200.0,True,7
8766538875122,47667985940722,giftcard,$300.00,300.0,True,8
8683330633970,47270369100018,KF128,Default Title,25.0,True,1
8740888117490,47551520047346,KC978,solar glow,28.0,True,1
8740888117490,47551520080114,KC979,lunar sky,28.0,True,2
8740888117490,47551520145650,KC983,rose dusk,28.0,True,3
8740888117490,47551520112882,KC982,peach sun,28.0,True,4
8738505949426,47542085845234,KBUN161,Default Title,158.4,True,1
8738504737010,47542075392242,KBUN159,Default Title,38.7,True,1
8738504311026,47542072213746,KBUN158,Default Title,37.8,True,1
8726121513202,47484620144882,KC914,winter kissed 2.0,22.0,True,1
8726121513202,47484620079346,KC911,summer sorbet,22.0,True,2
8726121513202,47484619981042,KC912,pink please,22.0,True,3
8726121513202,47484620112114,KC916,cheeky mood,22.0,True,4
8726121513202,47484620013810,KC913,petal,22.0,True,5
8726121513202,47484620210418,KC917,sienna,22.0,True,6
8726121513202,47484620177650,KC918,ladybug,22.0,True,7
8726121513202,47484620046578,KC915,slow jam,22.0,True,8
8736767181042,47535042887922,KBUN162,Default Title,131.4,True,1
8371480428786,45948584460530,KL026,Default Title,133.2,True,1
8703046975730,47355604074738,KF121,Default Title,39.0,True,1
7944990261490,44661615624434,KC749,Default Title,19.0,True,1
8637731012850,47091383533810,KC868,Default Title,2.0,True,1
8694434889970,47316909883634,rosy-radiance-lip-combo,Default Title,63.0,True,1
8694435184882,47316910538994,bare-necessities-lip-combo,Default Title,53.0,True,1
8711726465266,47402953867506,KBUN156,Default Title,72.0,True,1
8683330666738,47270369132786,KF130,Default Title,25.0,True,1
8670876008690,47212198330610,KBUN153,Default Title,151.2,True,1
8670874796274,47212195152114,KBUN152,Default Title,101.7,True,1
8670870339826,47212184305906,KBUN150,Default Title,74.7,True,1
8670775509234,47211955552498,KF125,Default Title,29.0,True,1
8670775443698,47211955519730,KF122,30ml,54.0,True,1
8670775443698,47211955486962,KF123,50ml,64.0,True,2
8670775443698,47211955454194,KF124,100ml,84.0,True,3
8665083347186,47196127658226,KF120,Default Title,50.0,True,1
8618862608626,47015817117938,KC819,1N,38.0,True,1
8618862608626,47015816954098,KC820,1C,38.0,True,2
8618862608626,47015817314546,KC821,1W,38.0,True,3
8618862608626,47015817150706,KC822,2C,38.0,True,4
8618862608626,47015816986866,KC823,2WN,38.0,True,5
8618862608626,47015816921330,KC824,2N,38.0,True,6
8618862608626,47015817543922,KC825,3WN,38.0,True,7
8618862608626,47015817216242,KC826,3W,38.0,True,8
8618862608626,47015817871602,KC827,3N,38.0,True,9
8618862608626,47015817609458,KC828,3C,38.0,True,10
8618862608626,47015817773298,KC829,4WN,38.0,True,11
8618862608626,47015817707762,KC830,4C,38.0,True,12
8618862608626,47015817674994,KC831,5WN,38.0,True,13
8618862608626,47015817347314,KC832,5C,38.0,True,14
8618862608626,47015817445618,KC833,5N,38.0,True,15
8618862608626,47015817806066,KC834,6WN,38.0,True,16
8618862608626,47015817576690,KC835,6W,38.0,True,17
8618862608626,47015817085170,KC836,6N,38.0,True,18
8618862608626,47015817380082,KC837,7W,38.0,True,19
8618862608626,47015817642226,KC838,7C,38.0,True,20
8618862608626,47015817019634,KC839,8W,38.0,True,21
8618862608626,47015817478386,KC840,8N,38.0,True,22
8618862608626,47015817249010,KC841,8C,38.0,True,23
8618862608626,47015817281778,KC842,8WN,38.0,True,24
8618862608626,47015817412850,KC843,9WN,38.0,True,25
8618862608626,47015817052402,KC844,9N,36.0,True,26
8618862608626,47015817183474,KC845,9C,36.0,True,27
8618862608626,47015817838834,KC846,10WN,36.0,True,28
8618862608626,47015817740530,KC847,10N,36.0,True,29
8618862608626,47015817511154,KC848,10.5N,36.0,True,30
8648767734002,47129303449842,KBUN148,Default Title,59.4,True,1
7843565306098,43927618027762,KC421,Default Title,18.0,True,1
7843565175026,43927617405170,KC418,Default Title,19.0,True,1
7843563208946,43927613767922,KS479,Default Title,26.0,True,1
8570640859378,46729513894130,KS494,Default Title,94.0,True,1
8619943166194,47020015517938,KC869,Default Title,2.0,True,1
7843565109490,43927617339634,KC420,Default Title,16.0,True,1
8096711901426,45167939387634,KC759,Default Title,5.0,True,1
8018864505074,48741122834674,KC1034,moody nude,19.0,True,1
8018864505074,48741122867442,KC1032,cool nude,19.0,True,2
8018864505074,48741122932978,KC1035,something greige,19.0,True,3
8018864505074,44851653771506,KC736,saturn,19.0,True,4
8018864505074,44851653509362,KC735,smitten,19.0,True,5
8018864505074,48741122900210,KC1033,chill brown,19.0,True,6
8018864505074,44851653673202,KC731,comes naturally,19.0,True,7
8018864505074,44851653542130,KC729,coconut 2.0,19.0,True,8
8018864505074,44851653640434,KC733,stone,19.0,True,9
8018864505074,44851653607666,KC728,cappuccino,19.0,True,10
8018864505074,44851653804274,KC737,sultry,19.0,True,11
8018864505074,46923336351986,KC887,mauve muse,19.0,True,12
8018864505074,44851653738738,KC732,cinnamon,19.0,True,13
8018864505074,44851653574898,KC734,lure,19.0,True,14
8018864505074,44851653705970,KC730,cocoa,19.0,True,15
8018864505074,46923336319218,KC888,maple,19.0,False,16
7843563700466,43927614456050,KC548,match my energy,20.0,True,1
7843563700466,44607108055282,KC726,playfully pink,20.0,True,2
7843563700466,43927614357746,KC547,underestimated,20.0,True,3
7843563700466,43927614423282,KC549,stop staring,20.0,True,4
7843563700466,44607108088050,KC725,sweet like hunny,20.0,True,5
7843563700466,43927614390514,KC546,besitos,20.0,True,6
7843563700466,46923324260594,KC884,soft spoken,20.0,True,7
7843563700466,46923324326130,KC885,wine kisses,20.0,True,8
7843563700466,44607108022514,KC724,fall in love,20.0,True,9
7843563700466,46923324293362,KC886,cranberry craze,20.0,True,10
8471391240434,46326964093170,KC896,always rosy,26.0,True,1
8471391240434,46326964060402,KC897,pretty plum,26.0,True,2
8471391240434,46923087806706,KC880,black cherry,26.0,True,3
8593748623602,46859170447602,KBUN144,Default Title,138.6,True,1
8593747869938,46859163861234,KBUN143,Default Title,102.6,True,1
8587851563250,46827678367986,KBUN142,Default Title,55.8,True,1
8587870765298,46827698487538,KBUN141,Default Title,36.0,True,1
8587882954994,46827712315634,KBUN140,Default Title,36.9,True,1
8581654970610,46793752707314,KC899,risky rose,19.0,True,1
8581654970610,46793752740082,KC900,kylie,19.0,True,2
8581654970610,46793752609010,KC898,coconut,19.0,True,3
8581654970610,46793752674546,KC902,iced latte,19.0,True,4
8581654970610,46793752641778,KC903,pecan,19.0,True,5
8581654970610,46793752576242,KC901,toffee,19.0,True,6
8581653397746,46793745989874,KC805,nude mood,22.0,True,1
8581653397746,46793746088178,KC806,special energy,22.0,True,2
8581653397746,46793746120946,KC807,girl's girl,22.0,True,3
8581653397746,46793745891570,KC812,chocolate teddy,22.0,True,4
8581653397746,46793745924338,KC808,sweet talk,22.0,True,5
8581653397746,46793745957106,KC809,unexpected,22.0,True,6
8581653397746,46793746022642,KC810,craving cherry,22.0,True,7
8581653397746,46793746055410,KC811,love letter,22.0,False,8
8558929903858,46684126216434,KS492,Default Title,36.0,True,1
8585766404338,46820892049650,KC894,Default Title,25.0,True,1
8564725842162,46709614903538,KBUN134,Default Title,67.5,True,1
7861650129138,48685504168178,KSEU-314,coconut,25.0,True,1
7861650129138,46721447723250,KS483,crème brûlée,25.0,True,2
7861650129138,47823905063154,KS473,watermelon,25.0,True,3
7861650129138,44629419032818,KS457,passion fruit,25.0,True,4
7861650129138,44629419000050,KS455,strawberry,25.0,True,5
7861650129138,44629419065586,KS456,pomegranate,25.0,True,6
7861650129138,46721447756018,KS484,hazelnut crème,25.0,True,7
7861650129138,46721447690482,KS485,chocolate cookie,25.0,True,8
8561521262834,46696761983218,kylies-british-vogue-look-2024,Default Title,266.0,True,1
8557948207346,46677740355826,KC895,Default Title,25.0,True,1
8554664198386,46665187164402,KBUN132,Default Title,40.5,True,1
8554647355634,46665145155826,KBUN133,Default Title,140.4,True,1
8539533902066,46601157116146,KC815,pretty in neutral,26.0,True,1
8539533902066,46601157050610,KC813,all things pink,26.0,True,2
8539533902066,46601157148914,KC816,glow away,26.0,True,3
8539533902066,46601157083378,KC814,summer feeling,26.0,True,4
8539533902066,46601157181682,KC817,she's it,26.0,True,5
8539533902066,46601157214450,KC818,dazed,26.0,True,6
7854536982770,44218333233394,KBUN019,Default Title,126.0,True,1
8425261433074,46141208658162,KBUN121,Default Title,35.1,True,1
8425262416114,46141211771122,KBUN122,Default Title,35.1,True,1
7917853147378,44540826091762,KBUN088,Default Title,180.0,True,1
7922666340594,44558422442226,KBUN089,Default Title,113.4,True,1
8446794072306,46202367312114,KBUN128,Default Title,75.6,True,1
8446699536626,46201967902962,KC908,Default Title,29.0,True,1
8446729027826,46202081018098,KC782,1WN,34.0,True,1
8446729027826,46202080624882,KC943,1N,34.0,True,2
8446729027826,46202080493810,KC944,2C,34.0,True,3
8446729027826,47776442548466,KC945,2W,34.0,True,4
8446729027826,46202080559346,KC947,2.5N,34.0,False,5
8446729027826,47643113619698,KC957,3W,34.0,True,6
8446729027826,46202080821490,KC946,3wn,34.0,True,7
8446729027826,48858489290994,KC949,3.5W,34.0,True,8
8446729027826,47607837491442,KC948,4W,34.0,True,9
8446729027826,47683383427314,KC956,4.5WN,34.0,True,10
8446729027826,47726386479346,KC954,5N,34.0,True,11
8446729027826,48878149959922,KC959,5W,34.0,True,12
8446729027826,48469607743730,KC962,6W,34.0,True,13
8446729027826,47826503172338,KC951,6N,32.0,True,14
8446729027826,46202080690418,KC778,6.5WN,34.0,True,15
8446729027826,46202080297202,KC768,7W,34.0,True,16
8446729027826,46202080919794,KC775,8WN,34.0,True,17
8446729027826,46202080887026,KC774,8W,34.0,True,18
8446729027826,46202080362738,KC764,8.5W,34.0,True,19
8446729027826,46202080723186,KC763,9W,34.0,True,20
8446729027826,46202080329970,KC762,9.5W,34.0,True,21
8446729027826,46202080428274,KC773,10C,34.0,True,22
8446729027826,46202080952562,KC781,10W,34.0,True,23
8446729027826,46202080526578,KC783,10N,34.0,True,24
8085743665394,45124250894578,KF114,Default Title,25.0,True,1
8510797840626,46471891550450,cappuccino-precision-pout-lip-liner-love-that-4-u-tinted-butter-balm,Default Title,35.0,True,1
8478441865458,46356690436338,KBUN131,Default Title,40.5,True,1
8018857132274,44851635126514,KBUN098,Default Title,239.4,True,1
8080243589362,45096488272114,KBUN101,Default Title,88.2,True,1
8080241885426,45096469037298,KBUN102,Default Title,59.4,True,1
8080925130994,45099881562354,KBUN100,Default Title,63.0,True,1
8080926310642,45099883299058,KBUN099,Default Title,45.9,True,1
7854525481202,44218204979442,KBUN031,Default Title,45.0,True,1
7938422112498,44630050504946,KBUN093,Default Title,180.0,True,1
7854525350130,44218203898098,KBUN027,Default Title,94.5,True,1
8236342345970,45572528144626,KBUN115,Default Title,51.3,True,1
8080244211954,45096495481074,KBUN103,Default Title,49.5,True,1
8401333027058,46061756776690,KBUN123,Default Title,113.4,True,1
8103558971634,47627690705138,KC980,moonstruck,21.0,True,1
8103558971634,45209495437554,KC786,like magic,21.0,True,2
8103558971634,47627690672370,KC976,pink ice,21.0,True,3
8103558971634,47627690639602,KC975,sunburst,21.0,True,4
8103558971634,45209495503090,KC788,nude kiss,21.0,True,5
8103558971634,45209495404786,KC787,rose bloom,21.0,True,6
8103558971634,45209495535858,KC785,all yours,21.0,True,7
8103558971634,45209495372018,KC790,lover girl,21.0,True,8
8103558971634,47627690737906,KC981,rosy ray,21.0,True,9
8103558971634,45209495470322,KC789,lovable,21.0,True,10
8331321344242,45860772511986,natural-on-the-go-look,Default Title,183.0,True,1
8296136802546,45782411510002,KBUN118,Default Title,140.4,True,1
8092240347378,45150566514930,KC605,breakfast in bed,26.0,True,1
8092240347378,45150566482162,KC610,meet there,26.0,True,2
8092240347378,45275805974770,KC607,hey sugar,26.0,True,3
8092240347378,45150566416626,KC609,play for keeps,26.0,True,4
8092240347378,45150566449394,KC606,make him blush,26.0,True,5
8092240347378,45150566383858,KC608,never too much,26.0,True,6
8292192289010,45767566655730,vacay-glam-look,Default Title,131.0,True,1
8195309371634,45489082826994,KBUN114,Default Title,100.8,True,1
8194505539826,45488136913138,KBUN112,Default Title,51.3,True,1
8096711835890,45167939322098,KC757,Default Title,13.0,True,1
8096711868658,45167939354866,KC756,Default Title,25.0,True,1
8085743534322,45124250206450,KF113,Default Title,25.0,True,1
8147148931314,45358979973362,cosmic-inspired-glam,Default Title,314.0,True,1
8111668920562,45250277343474,KBUN111,Default Title,101.7,True,1
8085743730930,45124251058418,KF105,Default Title,29.0,True,1
8085743829234,45124251255026,KF101,30ml,54.0,True,1
8085743829234,45124251189490,KF102,50ml,64.0,True,2
8085743829234,45124251156722,KF103,100ml,84.0,True,3
8085743829234,45124251222258,KF104,refill,84.0,True,4
8019616170226,44854764110066,KS469,vanilla caramel,21.0,True,1
8019616170226,48741204066546,KS498,butter cake,21.0,True,2
8019616170226,47729141547250,KS493,peach mango,21.0,True,3
8019616170226,48694627729650,KS497,pomegranate,21.0,True,4
8019616170226,47264276054258,KS489,toasted marshmallow,21.0,True,5
8090743832818,45144846303474,cocoa-precision-pout-lip-liner-underestimated-gloss-drip,Default Title,35.0,True,1
8019602112754,44854735831282,KC261,1N,38.0,True,1
8019602112754,44854736355570,KC255,1W,38.0,True,2
8019602112754,44854736027890,KC264,1C,38.0,True,3
8019602112754,44854736421106,KC256,1.5W,38.0,True,4
8019602112754,44854736748786,KC258,2C,38.0,True,5
8019602112754,44854736781554,KC254,2W,38.0,True,6
8019602112754,44854736158962,KC257,2.5W,38.0,True,7
8019602112754,44854735995122,KC262,2.5N,38.0,True,8
8019602112754,44854736093426,KC263,3N,38.0,True,9
8019602112754,44854736879858,KC259,3C,38.0,True,10
8019602112754,44854736847090,KC267,3W,38.0,True,11
8019602112754,44854736453874,KC268,3.5W,38.0,True,12
8019602112754,44854736388338,KC266,4N,38.0,True,13
8019602112754,44854737043698,KC265,4C,38.0,True,14
8019602112754,44854735896818,KC260,4.5C,38.0,True,15
8019602112754,44854736683250,KC269,4.5W,38.0,True,16
8019602112754,44854736322802,KC300,5W,38.0,True,17
8019602112754,44854736257266,KC307,5N,38.0,True,18
8019602112754,44854736191730,KC311,5WN,38.0,True,19
8019602112754,44854736716018,KC302,5.5W,38.0,True,20
8019602112754,44854737010930,KC310,6C,38.0,True,21
8019602112754,44854736617714,KC308,6W,38.0,True,22
8019602112754,44854736224498,KC304,6.5W,38.0,True,23
8019602112754,44854735929586,KC309,6.5N,38.0,True,24
8019602112754,44854736978162,KC301,7W,38.0,True,25
8019602112754,44854736552178,KC305,7N,36.0,True,26
8019602112754,44854736126194,KC314,7.5W,36.0,True,27
8019602112754,44854736945394,KC306,7.5C,36.0,True,28
8019602112754,44854735765746,KC313,8W,36.0,True,29
8019602112754,44854736290034,KC312,8WN,36.0,True,30
8019602112754,44854735732978,KC303,8.5WN,36.0,True,31
8019602112754,44854735864050,KC345,8.5C,36.0,True,32
8019602112754,44854736650482,KC346,9W,36.0,True,33
8019602112754,44854736060658,KC349,9WN,36.0,True,34
8019602112754,44854736519410,KC353,9.5W,36.0,True,35
8019602112754,44854736584946,KC347,9.5C,36.0,True,36
8019602112754,44854735962354,KC352,9.5WN,36.0,True,37
8019602112754,44854736912626,KC350,10C,36.0,True,38
8019602112754,44854736486642,KC348,10N,36.0,True,39
8019602112754,44854735798514,KC355,10.5N,36.0,True,40
8056680317170,44965021810930,KC359,Default Title,28.0,True,1
8019602079986,44854735700210,KC990,Default Title,32.0,True,1
8002317451506,44817832902898,KS482,Default Title,25.0,True,1
7854537474290,44218335363314,KBUN020,Default Title,158.4,True,1
7944990195954,44661615526130,KC637,candy k,25.0,True,1
7944990195954,44661615493362,KC638,posie k,25.0,False,2
7944990195954,44661615558898,KC636,diva,25.0,False,3
7944990327026,44661615689970,KC748,Default Title,20.0,True,1
7943178879218,44652996198642,KC430,1N,28.0,True,1
7943178879218,44652996526322,KC434,1W,28.0,True,2
7943178879218,44652996493554,KC443,1C,28.0,True,3
7943178879218,44652996722930,KC432,1.5W,28.0,True,4
7943178879218,44652996952306,KC437,2C,28.0,True,5
7943178879218,44652996034802,KC438,2N,28.0,True,6
7943178879218,44652996395250,KC435,2W,28.0,True,7
7943178879218,44652996854002,KC444,2.5N,28.0,True,8
7943178879218,44652997050610,KC442,3N,28.0,True,9
7943178879218,44652996755698,KC436,3C,28.0,True,10
7943178879218,44652996067570,KC439,3.5N,28.0,True,11
7943178879218,44652996624626,KC440,4W,28.0,True,12
7943178879218,44652996362482,KC447,4WN,28.0,True,13
7943178879218,44652996165874,KC431,4C,28.0,True,14
7943178879218,44652996886770,KC433,4.5WN,28.0,True,15
7943178879218,44652996296946,KC446,4.5C,28.0,True,16
7943178879218,44652996329714,KC441,5W,28.0,True,17
7943178879218,44652996657394,KC448,5N,28.0,True,18
7943178879218,44652996591858,KC451,5WN,28.0,True,19
7943178879218,44652995969266,KC449,5.5WN,28.0,True,20
7943178879218,44652997083378,KC445,6C,28.0,True,21
7943178879218,44652996559090,KC450,6N,28.0,True,22
7943178879218,44652996919538,KC452,6W,28.0,True,23
7943178879218,44652995936498,KC458,6.5N,28.0,True,24
7943178879218,44652996690162,KC459,7W,28.0,True,25
7943178879218,44652996985074,KC454,7N,28.0,False,26
7943178879218,44652995805426,KC453,7WN,28.0,True,27
7943178879218,44652996428018,KC455,7C,28.0,True,28
7943178879218,44652996133106,KC456,7.5W,28.0,True,29
7943178879218,44652996788466,KC457,7.5WN,28.0,True,30
7943178879218,44652996264178,KC672,8N,28.0,True,31
7943178879218,44652996100338,KC673,8C,28.0,True,32
7943178879218,44652996821234,KC674,9W,28.0,True,33
7943178879218,44652997017842,KC675,9.5W,28.0,True,34
7943178879218,44652995870962,KC676,9.5WN,28.0,True,35
7943178879218,44652996002034,KC677,9.5C,28.0,True,36
7943178879218,44652995838194,KC678,9.5N,28.0,True,37
7943178879218,44652996460786,KC679,10C,28.0,True,38
7943178879218,44652995903730,KC680,10WN,28.0,True,39
7943178879218,44652996231410,KC681,10N,28.0,True,40
7943178846450,44652995772658,KS470,Default Title,23.0,True,1
7918756069618,44544332595442,KC635,Default Title,32.0,True,1
7912735932658,44515514417394,KC529,Bubbly,21.0,True,1
7912735932658,44515514515698,KC531,On Neutral,21.0,True,2
7912735932658,44515514384626,KC530,Not Your Bae,21.0,True,3
7912735932658,44515514450162,KC532,Curve Him,21.0,True,4
7912735932658,44515514482930,KC534,Moody Queen,21.0,True,5
7912735932658,44515514351858,KC533,Rosé and Chill,21.0,True,6
7907633135858,44493630931186,KC541,Pink Me Up At 8,20.0,True,1
7907633135858,44493630865650,KC538,Kylie,20.0,True,2
7907633135858,44493630996722,KC540,Love That 4 U,20.0,True,3
7907633135858,47402663772402,KC904,Angel Cake,20.0,True,4
7907633135858,44493630898418,KC536,She's Lovely,20.0,True,5
7907633135858,44493631029490,KC537,That's Tea,20.0,True,6
7907633135858,47402663706866,KC905,Honey,20.0,True,7
7907633135858,44493630963954,KC539,Moving On,20.0,True,8
7907633135858,47402663739634,KC907,Mocha Kiss,20.0,True,9
7907633135858,47402663805170,KC906,Spiced,20.0,True,10
7911998161138,44511461409010,KC509,Default Title,2.0,True,1
7884378177778,44389244436722,KC200,one for the books,23.0,False,1
7884378177778,44389244698866,KC207,talk is cheap,23.0,True,2
7884378177778,44389244535026,KC211,better late than never,23.0,True,3
7884378177778,44389244797170,KC210,power move,23.0,True,4
7884378177778,44389244829938,KC205,the girl in red,23.0,True,5
7884378177778,44389244764402,KC203,in my bag,23.0,True,6
7884378177778,44389244502258,KC202,if looks could kill,23.0,True,7
7884378177778,44389244469490,KC208,not sorry,23.0,True,8
7884378177778,44389244600562,KC209,nowhere 2 go,23.0,False,9
7884378177778,44389244567794,KC201,just livin' life,23.0,False,10
7884378177778,44389244633330,KC206,cooler in person,23.0,False,11
7884378177778,44389244731634,KC204,been a minute,23.0,True,12
7884390891762,44389327012082,KC273,Koko K,23.0,True,1
7884390891762,44389326979314,KC248,Kylie,23.0,True,2
7884390891762,44389326651634,KC280,Summer Somewhere,23.0,False,3
7884390891762,44389326881010,KC270,Irreplaceable,23.0,True,4
7884390891762,44389326848242,KC278,Up To No Good,23.0,True,5
7884390891762,44389326815474,KC274,You Could Never,23.0,False,6
7884390891762,44389326946546,KC275,Blushing Babe,23.0,True,7
7884390891762,44389326913778,KC272,Rendezvous,23.0,True,8
7884390891762,44389326717170,KC276,Fire Sign,23.0,True,9
7884390891762,44389326749938,KC271,Work Mode,23.0,True,10
7884390891762,44389326684402,KC277,An Apple A Day,23.0,True,11
7884390891762,44389326782706,KC279,Here For It,23.0,False,12
7882521968882,44379332051186,KC612,Default Title,13.0,True,1
7882520035570,47779210985714,KC985,true brown,25.0,True,1
7882520035570,44379326906610,KC611,black,25.0,True,2
7873539637490,44341397717234,boss-matte-lip-kit-match-my-energy-gloss-drip,Default Title,51.0,True,1
7873538326770,44341378842866,match-my-energy-gloss-drip-iced-latte-lip-liner,Default Title,32.0,True,1
7873537048818,44341357052146,kylie-matte-lip-kit-iced-latte-lip-liner,Default Title,51.0,True,1
7873530953970,44341318418674,snatched-high-gloss-iced-latte-lip-liner,Default Title,34.0,True,1
7873521811698,44341277458674,a-moment-matte-liquid-lipstick-always-and-forever-lip-liner,Default Title,37.0,True,1
7873518305522,44341257568498,oh-you-fancy-high-gloss-iced-latte-lip-liner,Default Title,34.0,True,1
7843563536626,43927614193906,KS800,Default Title,26.0,True,1
7843563503858,43927614161138,KSEU-208,Default Title,14.0,True,1
7843563569394,43927614226674,KSEU-102,Default Title,26.0,True,1
7843564585202,43927616585970,KS153,Default Title,28.0,True,1
7843567042802,43927621435634,KS167,Default Title,4.0,True,1
7843568845042,43927626809586,KS476,Default Title,23.0,True,1
7843567698162,43927624548594,KC419,Default Title,6.0,True,1
7843568189682,43927625859314,KC409,translucent,28.0,True,1
7843568189682,43927625793778,KC405,yellow,28.0,True,2
7843568189682,43927625826546,KC407,beige,28.0,True,3
7843568189682,43927625695474,KC411,soft pink,28.0,True,4
7843568189682,43927625761010,KC410,dark,28.0,True,5
7843568189682,43927625728242,KC406,deep dark,28.0,True,6
7843567862002,43927625138418,KC238,tequila tan,22.0,False,1
7843567862002,43927624974578,KC240,almond,22.0,True,2
7843567862002,43927625007346,KC236,toasty,22.0,True,3
7843567862002,43927625040114,KC235,tanned and gorgeous,22.0,True,4
7843567862002,43927625072882,KC239,khaki,22.0,True,5
7843567862002,43927625105650,KC237,tawny mami,22.0,True,6
7843567796466,43927624876274,KC297,pink power,22.0,True,1
7843567796466,43927624941810,KC296,baddie on the block,22.0,True,2
7843567796466,43927624909042,KC293,winter kissed,22.0,True,3
7843567796466,43927624679666,KC291,kitten baby,22.0,False,4
7843567796466,43927624777970,KC292,crush,22.0,False,5
7843567796466,43927624712434,KC295,rosy,22.0,False,6
7843567796466,43927624810738,KC294,we're going shopping,22.0,False,7
7843567796466,43927624646898,KC298,pink dreams,22.0,False,8
7843567796466,43927624843506,KC299,close to perfect,22.0,False,9
7843567272178,43927622975730,KC184,bunny,22.0,False,1
7843567272178,43927623729394,KC153,khlo$,22.0,True,2
7843567272178,43927623663858,KC187,baby girl,22.0,True,3
7843567272178,43927622877426,KC150,candy k,22.0,True,4
7843567272178,43927623827698,KC188,posie k,22.0,True,5
7843567272178,43927623762162,KC183,angel,22.0,False,6
7843567272178,43927623074034,KC158,ginger,22.0,True,7
7843567272178,43927622942962,KC163,kristen,22.0,True,8
7843567272178,43927623368946,KC569,clap back,22.0,False,9
7843567272178,43927623860466,KC567,almost ready,21.0,False,10
7843567272178,48844296650994,KC1085,mary jo k,22.0,False,11
7843567272178,43927623106802,KC152,allergic to bullsh*t,22.0,False,12
7843567272178,43927623532786,KC179,autumn,22.0,False,13
7843567272178,43927623893234,KC570,another day another nude,22.0,False,14
7843567272178,43927623434482,KC156,bare,22.0,False,15
7843567272178,43927623696626,KC180,call me,22.0,False,16
7843567272178,43927623237874,KC190,clove,22.0,False,17
7843567272178,43927623008498,KC151,queen,22.0,False,18
7843567272178,43927623139570,KC164,22,22.0,False,19
7843567272178,43927623500018,KC154,dolce k,22.0,False,20
7843567272178,43927624057074,KC149,wish you were here,22.0,False,21
7843567272178,43927622844658,KC186,built to last,22.0,False,22
7843567272178,43927623041266,KC182,koko k,22.0,False,23
7843567272178,43927623958770,KC161,hazel,22.0,False,24
7843567272178,43927623401714,KC162,twenty,22.0,False,25
7843567272178,43927623172338,KC565,a moment,22.0,False,26
7843567272178,43927623794930,KC147,dirty peach,21.0,False,27
7843567272178,43927623205106,KC566,on brand,21.0,False,28
7843567272178,43927622910194,KC568,not in the mood,21.0,False,29
7843567272178,43927623631090,KC160,brown sugar,21.0,False,30
7843567272178,43927624024306,KC146,one wish,21.0,False,31
7843567272178,43927623565554,KC148,apricot,21.0,False,32
7843567272178,43927623336178,KC157,maliboo,21.0,False,33
7843567272178,43927623598322,KC189,head over heels,21.0,False,34
7843567272178,43927623926002,KC159,love bite,21.0,False,35
7843567272178,43927623303410,KC155,commando,21.0,False,36
7843567272178,43927623467250,KC185,high maintenance,21.0,False,37
7843567272178,43927623991538,KC178,boujee,21.0,False,38
7843567206642,48399747481842,KC854,bare,35.0,True,1
7843567206642,43927621992690,KC103,one wish,35.0,True,2
7843567206642,43927621763314,KC861,dolce k,35.0,True,3
7843567206642,43927622189298,KC860,candy k,35.0,True,4
7843567206642,43927622025458,KC249,exposed,35.0,True,5
7843567206642,43927622746354,KC856,kylie,35.0,True,6
7843567206642,43927621894386,KC853,snow way bae,35.0,True,7
7843567206642,47886120648946,KC857,koko k,35.0,True,8
7843567206642,43927622320370,KC112,autumn,35.0,True,9
7843567206642,43927621730546,KC866,posie k,35.0,True,10
7843567206642,43927622058226,KC105,queen,35.0,True,11
7843567206642,43927622353138,KC858,sweater weather,35.0,True,12
7843567206642,43927622090994,KC114,kristen,35.0,True,13
7843567206642,43927622582514,KC107,twenty,35.0,True,14
7843567206642,43927622615282,KC130,extraordinary,35.0,True,15
7843567206642,43927622516978,KC862,mary jo k,35.0,True,16
7843567206642,43927622648050,KC118,victoria,35.0,False,17
7843567206642,43927622385906,KC859,bite me,35.0,True,18
7843567206642,43927622287602,KC855,angel,35.0,True,19
7843567206642,43927621861618,KC119,boss,35.0,True,20
7843567206642,43927621828850,KC115,bad lil thing,35.0,True,21
7843567206642,43927621959922,KC110,hollyberry,35.0,True,22
7843567206642,48679513751794,KC865,better not pout,35.0,True,23
7843567206642,43927622254834,KC122,valentine,35.0,False,24
7843567206642,43927621927154,KC129,head over heels,35.0,False,25
7843567206642,43927622549746,KC124,tipsy,35.0,False,26
7843567206642,43927621697778,KC125,show off,35.0,False,27
7843567206642,43927622418674,KC126,no sleep,35.0,False,28
7843567206642,43927622484210,KC250,maliboo,35.0,False,29
7843567206642,43927622222066,KC113,22,35.0,False,30
7843567206642,43927622713586,KC101,dirty peach,35.0,False,31
7843567206642,43927621599474,KC127,baddie,35.0,False,32
7843567206642,43927621632242,KC106,brown sugar,35.0,False,33
7843567206642,43927621796082,KC131,clove,35.0,False,34
7843567206642,43927622680818,KC108,true brown k,35.0,False,35
7843567206642,43927621665010,KC128,leo,35.0,False,36
7843567206642,43927622779122,KC463,Kylie Friday,35.0,False,37
7843567206642,43927622156530,KC109,ginger,35.0,False,38
7843567173874,43927621566706,KS419,Default Title,15.0,True,1
7843566878962,43927620878578,KC871,coconut,19.0,True,1
7843566878962,43927620911346,KC877,caramel,19.0,True,2
7843566878962,43927620747506,KC194,iced latte,19.0,False,3
7843566878962,43927620944114,KC199,give me a kiss,19.0,False,4
7843566878962,43927620813042,KC197,beau,19.0,False,5
7843566878962,43927620714738,KC191,forever and always,19.0,False,6
7843566878962,43927620780274,KC196,handbag ho,19.0,False,7
7843566878962,43927620976882,KC198,souffle,19.0,False,8
7843566878962,43927620845810,KC195,hot chai,19.0,False,9
7843566649586,44848583770354,KC753,haute pink,22.0,True,1
7843566649586,44848583704818,KC751,way to glow,22.0,True,2
7843566649586,43927620223218,KC542,feelings neutral,22.0,True,3
7843566649586,43927620288754,KC543,pink me up,22.0,True,4
7843566649586,43927620190450,KC544,doin the most,22.0,True,5
7843566649586,44848583737586,KC752,mellow berry,22.0,True,6
7843566649586,44848583639282,KC755,moody energy,22.0,True,7
7843566649586,44848583606514,KC750,comes in cherry,22.0,True,8
7843566649586,43927620255986,KC545,off the clock,22.0,False,9
7843566256370,43927619797234,KC247,Default Title,19.0,True,1
7843566190834,43927619502322,KC225,matte blue,18.0,False,1
7843566190834,43927619404018,KC221,matte green,18.0,True,2
7843566190834,43927619371250,KC218,shimmery purple,18.0,True,3
7843566190834,43927619567858,KC216,shimmery bronze,18.0,True,4
7843566190834,43927619698930,KC213,matte brown,18.0,True,5
7843566190834,43927619338482,KC215,matte plum,18.0,False,6
7843566190834,43927619469554,KC214,matte dark brown,18.0,True,7
7843566190834,43927619600626,KC217,shimmery black,18.0,True,8
7843566190834,48402678644978,KC1065,matte black,18.0,False,9
7843566190834,43927619305714,KC223,shimmery blue,18.0,False,10
7843566190834,43927619272946,KC212,matte grey,18.0,False,11
7843566190834,43927619436786,KC226,shimmery brown,18.0,False,12
7843566190834,43927619535090,KC222,matte nude,18.0,False,13
7843566190834,43927619240178,KC219,shimmery grey,18.0,False,14
7843566190834,43927619666162,KC220,shimmery gold,18.0,False,15
7843566125298,43927619174642,KC230,ice me out,24.0,True,1
7843566125298,43927619043570,KC234,princess please,24.0,True,2
7843566125298,43927619141874,KC229,cheers darling,24.0,True,3
7843566125298,43927619109106,KC228,quartz,24.0,False,4
7843566125298,43927618945266,KC850,queen drip,24.0,False,5
7843566125298,43927619076338,KC232,salted caramel,24.0,False,6
7843566125298,43927618978034,KC233,dreamin of diamonds,24.0,False,7
7843566125298,43927619010802,KC231,cotton candy cream,24.0,False,8
7843564552434,43927616520434,KB107,Pink,30.0,True,1
7843564552434,43927616553202,KB108,Blue,30.0,True,2
7843564552434,43927616487666,KB106,White,30.0,False,3
7843563962610,43927614882034,KC338,always shining,20.0,True,1
7843563962610,43927615406322,KC324,klear,20.0,True,2
7843563962610,43927615242482,KC325,lost angel,20.0,True,3
7843563962610,43927615078642,KC322,so cute,20.0,True,4
7843563962610,43927615504626,KC316,oh you fancy,20.0,True,5
7843563962610,43927615111410,KC332,daddys girl,20.0,True,6
7843563962610,43927615308018,KC333,damn gina,20.0,True,7
7843563962610,43927615602930,KC327,diva,20.0,True,8
7843563962610,44577240088818,KC618,kylie,20.0,True,9
7843563962610,43927614849266,KC337,crystal,20.0,True,10
7843563962610,44577389412594,KC620,dolce k,20.0,True,11
7843563962610,43927615635698,KC326,koko k,20.0,True,12
7843563962610,43927614816498,KC335,slept on,20.0,True,13
7843563962610,43927615537394,KC315,candy k,20.0,True,14
7843563962610,43927615668466,KC330,snatched,20.0,True,15
7843563962610,43927614783730,KC336,posie k,20.0,True,16
7843563962610,44577395343602,KC619,mary jo k,20.0,True,17
7843563962610,44577397801202,KC621,mauve mode,20.0,False,18
7843563962610,44577388658930,KC623,gorgeous girls,20.0,False,19
7843563962610,43927615144178,KC329,one in a billion,20.0,False,20
7843563962610,43927615176946,KC321,partner in crime,20.0,False,21
7843563962610,43927615570162,KC331,my moon and stars,20.0,False,22
7843563962610,43927615045874,KC334,cupid,20.0,False,23
7843563962610,43927615013106,KC317,you are the sun,20.0,False,24
7843563962610,44577394753778,KC622,been about u,20.0,False,25
7843563962610,43927614750962,KC344,yesss girl,19.0,False,26
7843563962610,43927615701234,KC319,glitz,19.0,False,27
7843563962610,43927614947570,KC343,glamour,19.0,False,28
7843563962610,43927615340786,KC323,like,19.0,False,29
7843563962610,43927615209714,KC318,literally,19.0,False,30
7843563962610,43927614914802,KC320,sugar plum,19.0,False,31
7843563962610,43927615275250,KC342,i'm the catch,19.0,False,32
7843563962610,43927615439090,KC340,poppin,19.0,False,33
7843563962610,43927615471858,KC341,story of us,19.0,False,34
7843563962610,43927615373554,KC339,23,19.0,False,35
7843563962610,43927614980338,KC328,sweet,19.0,False,36
7843563798770,43927614587122,KS418,Default Title,7.0,True,1
7843563372786,43927613997298,KB119,Default Title,12.0,True,1
7843562586354,43927613112562,KC527,Default Title,32.0,True,1
7843562062066,43927612391666,KC140,Bare,35.0,True,1
7843562062066,44103761133810,KC139,Charm,35.0,True,2
7843562062066,44110031651058,KC142,Harmony,35.0,True,3
7843562062066,44109877149938,KC144,Party Girl,35.0,True,4
7843562062066,44109989216498,KC143,Say No More,35.0,False,5
7843562062066,44109903692018,KC145,Posie K,35.0,True,6
7843562062066,44109902938354,KC141,Red Velvet,35.0,True,7
